-- phpMyAdmin SQL Dump
-- version 4.7.3
-- https://www.phpmyadmin.net/
--
-- Host: localhost:3306
-- Generation Time: Nov 18, 2017 at 08:02 PM
-- Server version: 10.0.33-MariaDB
-- PHP Version: 5.6.30

SET SQL_MODE = "NO_AUTO_VALUE_ON_ZERO";
SET AUTOCOMMIT = 0;
START TRANSACTION;
SET time_zone = "+00:00";


/*!40101 SET @OLD_CHARACTER_SET_CLIENT=@@CHARACTER_SET_CLIENT */;
/*!40101 SET @OLD_CHARACTER_SET_RESULTS=@@CHARACTER_SET_RESULTS */;
/*!40101 SET @OLD_COLLATION_CONNECTION=@@COLLATION_CONNECTION */;
/*!40101 SET NAMES utf8mb4 */;

--
-- Database: `blackshe_p2017`
--

-- --------------------------------------------------------

--
-- Table structure for table `admins`
--

CREATE TABLE `admins` (
  `id` int(10) UNSIGNED NOT NULL,
  `username` varchar(40) COLLATE utf8mb4_unicode_ci NOT NULL,
  `password` varchar(255) COLLATE utf8mb4_unicode_ci NOT NULL,
  `created_at` timestamp NULL DEFAULT NULL,
  `updated_at` timestamp NULL DEFAULT NULL
) ENGINE=InnoDB DEFAULT CHARSET=utf8mb4 COLLATE=utf8mb4_unicode_ci;

-- --------------------------------------------------------

--
-- Table structure for table `brands`
--

CREATE TABLE `brands` (
  `id` int(10) UNSIGNED NOT NULL,
  `name` varchar(30) COLLATE utf8mb4_unicode_ci NOT NULL,
  `created_at` timestamp NULL DEFAULT NULL,
  `updated_at` timestamp NULL DEFAULT NULL
) ENGINE=InnoDB DEFAULT CHARSET=utf8mb4 COLLATE=utf8mb4_unicode_ci;

--
-- Dumping data for table `brands`
--

INSERT INTO `brands` (`id`, `name`, `created_at`, `updated_at`) VALUES
(19, 'APPLE', '2017-11-15 15:43:57', '2017-11-15 15:43:57'),
(20, 'SAMSUNG', '2017-11-15 15:44:01', '2017-11-15 15:44:01'),
(21, 'HUAWEI', '2017-11-15 15:44:07', '2017-11-15 15:44:07'),
(22, 'ACER', '2017-11-15 15:44:08', '2017-11-15 15:44:08'),
(23, 'ALCATEL', '2017-11-15 15:44:14', '2017-11-15 15:44:14'),
(24, 'ASUS', '2017-11-15 15:44:17', '2017-11-15 15:44:17'),
(25, 'AZUMI', '2017-11-15 15:44:20', '2017-11-15 15:44:20'),
(26, 'BLACKBERRY', '2017-11-15 15:44:25', '2017-11-15 15:44:25'),
(27, 'COOLPAD', '2017-11-15 15:44:32', '2017-11-15 15:44:32'),
(28, 'GOOGLE', '2017-11-15 15:44:34', '2017-11-15 15:44:34'),
(29, 'HTC', '2017-11-15 15:44:36', '2017-11-15 15:44:36'),
(30, 'LENOVO', '2017-11-15 15:44:41', '2017-11-15 15:44:41'),
(31, 'MEIZU', '2017-11-15 15:44:43', '2017-11-15 15:44:43'),
(32, 'MICROSOFT', '2017-11-15 15:44:46', '2017-11-15 15:44:46'),
(33, 'MOTOROLA', '2017-11-15 15:44:50', '2017-11-15 15:44:50'),
(34, 'NOKIA', '2017-11-15 15:44:52', '2017-11-15 15:44:52'),
(35, 'SONY', '2017-11-15 15:44:55', '2017-11-15 15:44:55'),
(36, 'TESLA', '2017-11-15 15:44:57', '2017-11-15 15:44:57'),
(37, 'WIKO', '2017-11-15 15:45:02', '2017-11-15 15:45:02'),
(38, 'XIAOMI', '2017-11-15 15:45:07', '2017-11-15 15:45:07'),
(39, 'ZTE', '2017-11-15 15:45:08', '2017-11-15 15:45:08'),
(40, 'LG', '2017-11-15 15:45:11', '2017-11-15 15:45:11'),
(43, 'ACER ZAŠTITNO STAKLO', '2017-11-18 16:52:42', '2017-11-18 16:52:42'),
(44, 'ALCATEL ZAŠTITNO STAKLO', '2017-11-18 16:53:09', '2017-11-18 16:53:09'),
(45, 'ASUS ZAŠTITNO STAKLO', '2017-11-18 16:53:23', '2017-11-18 16:53:23'),
(46, 'COOLPAD ZAŠTITNO STAKLO', '2017-11-18 16:53:52', '2017-11-18 16:53:52'),
(47, 'GOOGLE ZAŠTITNO STAKLO', '2017-11-18 16:54:28', '2017-11-18 16:54:28'),
(48, 'HTC ZAŠTITNO STAKLO', '2017-11-18 16:54:48', '2017-11-18 16:54:48'),
(49, 'HUAWEI ZAŠTITNO STAKLO', '2017-11-18 16:55:37', '2017-11-18 16:55:37'),
(50, 'APPLE ZAŠTITNO STAKLO', '2017-11-18 16:57:46', '2017-11-18 16:57:46'),
(51, 'LENOVO ZAŠTITNO STAKLO', '2017-11-18 16:58:05', '2017-11-18 16:58:05'),
(52, 'LG ZAŠTITNO STAKLO', '2017-11-18 16:58:25', '2017-11-18 16:58:25'),
(53, 'MEIZU ZAŠTITNO STAKLO', '2017-11-18 16:58:49', '2017-11-18 16:58:49'),
(54, 'MOBIWIRE ZAŠTITNO STAKLO', '2017-11-18 17:01:03', '2017-11-18 17:01:03'),
(55, 'MOTOROLA ZAŠTITNO STAKLO', '2017-11-18 17:01:34', '2017-11-18 17:01:34'),
(56, 'NOKIA ZAŠTITNO STAKLO', '2017-11-18 17:02:11', '2017-11-18 17:02:11'),
(57, 'SAMSUNG ZAŠTITNO STAKLO', '2017-11-18 17:03:42', '2017-11-18 17:03:42'),
(58, 'SONY ZAŠTITNO STAKLO', '2017-11-18 17:04:07', '2017-11-18 17:04:07'),
(59, 'TESLA ZAŠTITNO STAKLO', '2017-11-18 17:04:51', '2017-11-18 17:04:51'),
(60, 'WIKO ZAŠTITNO STAKLO', '2017-11-18 17:05:09', '2017-11-18 17:05:09'),
(61, 'XIAOMI ZAŠTITNO STAKLO', '2017-11-18 17:05:57', '2017-11-18 17:05:57'),
(62, 'ZTE ZAŠTITNO STAKLO', '2017-11-18 17:06:28', '2017-11-18 17:06:28');

-- --------------------------------------------------------

--
-- Table structure for table `categories`
--

CREATE TABLE `categories` (
  `id` int(10) UNSIGNED NOT NULL,
  `created_at` timestamp NULL DEFAULT NULL,
  `updated_at` timestamp NULL DEFAULT NULL,
  `name` varchar(30) COLLATE utf8mb4_unicode_ci NOT NULL
) ENGINE=InnoDB DEFAULT CHARSET=utf8mb4 COLLATE=utf8mb4_unicode_ci;

--
-- Dumping data for table `categories`
--

INSERT INTO `categories` (`id`, `created_at`, `updated_at`, `name`) VALUES
(16, '2017-11-15 15:39:20', '2017-11-15 15:39:20', 'FUTROLE'),
(18, '2017-11-15 15:42:57', '2017-11-15 15:42:57', 'PUNJAČI'),
(19, '2017-11-15 15:43:01', '2017-11-15 15:43:01', 'DATA KABLOVI'),
(20, '2017-11-15 15:43:05', '2017-11-15 15:43:05', 'SLUŠALICE'),
(21, '2017-11-15 15:43:09', '2017-11-15 15:43:09', 'ZVUČNICI'),
(24, '2017-11-18 17:09:38', '2017-11-18 17:09:38', 'ZAŠTITA ZA EKRAN');

-- --------------------------------------------------------

--
-- Table structure for table `category_brand`
--

CREATE TABLE `category_brand` (
  `category_id` int(10) UNSIGNED NOT NULL,
  `brand_id` int(10) UNSIGNED NOT NULL,
  `created_at` timestamp NULL DEFAULT NULL,
  `updated_at` timestamp NULL DEFAULT NULL
) ENGINE=InnoDB DEFAULT CHARSET=utf8mb4 COLLATE=utf8mb4_unicode_ci;

--
-- Dumping data for table `category_brand`
--

INSERT INTO `category_brand` (`category_id`, `brand_id`, `created_at`, `updated_at`) VALUES
(16, 19, NULL, NULL),
(16, 20, NULL, NULL),
(16, 21, NULL, NULL),
(16, 22, NULL, NULL),
(16, 23, NULL, NULL),
(16, 24, NULL, NULL),
(16, 25, NULL, NULL),
(16, 26, NULL, NULL),
(16, 27, NULL, NULL),
(16, 28, NULL, NULL),
(16, 29, NULL, NULL),
(16, 30, NULL, NULL),
(16, 31, NULL, NULL),
(16, 32, NULL, NULL),
(16, 33, NULL, NULL),
(16, 34, NULL, NULL),
(16, 35, NULL, NULL),
(16, 36, NULL, NULL),
(16, 37, NULL, NULL),
(16, 38, NULL, NULL),
(16, 39, NULL, NULL),
(16, 40, NULL, NULL),
(17, 21, NULL, NULL),
(17, 22, NULL, NULL),
(17, 23, NULL, NULL),
(17, 24, NULL, NULL),
(17, 25, NULL, NULL),
(17, 26, NULL, NULL),
(17, 27, NULL, NULL),
(17, 28, NULL, NULL),
(17, 29, NULL, NULL),
(17, 30, NULL, NULL),
(17, 31, NULL, NULL),
(17, 32, NULL, NULL),
(17, 33, NULL, NULL),
(17, 34, NULL, NULL),
(17, 35, NULL, NULL),
(17, 36, NULL, NULL),
(17, 37, NULL, NULL),
(17, 38, NULL, NULL),
(17, 39, NULL, NULL),
(17, 40, NULL, NULL),
(22, 19, NULL, NULL),
(22, 20, NULL, NULL),
(22, 21, NULL, NULL),
(22, 22, NULL, NULL),
(22, 23, NULL, NULL),
(22, 24, NULL, NULL),
(22, 25, NULL, NULL),
(22, 26, NULL, NULL),
(22, 27, NULL, NULL),
(22, 28, NULL, NULL),
(22, 29, NULL, NULL),
(22, 30, NULL, NULL),
(22, 31, NULL, NULL),
(22, 32, NULL, NULL),
(22, 33, NULL, NULL),
(22, 34, NULL, NULL),
(22, 35, NULL, NULL),
(22, 36, NULL, NULL),
(22, 37, NULL, NULL),
(22, 38, NULL, NULL),
(22, 39, NULL, NULL),
(22, 40, NULL, NULL),
(23, 42, NULL, NULL),
(24, 43, NULL, NULL),
(24, 44, NULL, NULL),
(24, 45, NULL, NULL),
(24, 46, NULL, NULL),
(24, 47, NULL, NULL),
(24, 48, NULL, NULL),
(24, 49, NULL, NULL),
(24, 50, NULL, NULL),
(24, 51, NULL, NULL),
(24, 52, NULL, NULL),
(24, 53, NULL, NULL),
(24, 54, NULL, NULL),
(24, 55, NULL, NULL),
(24, 56, NULL, NULL),
(24, 57, NULL, NULL),
(24, 58, NULL, NULL),
(24, 59, NULL, NULL),
(24, 60, NULL, NULL),
(24, 61, NULL, NULL),
(24, 62, NULL, NULL);

-- --------------------------------------------------------

--
-- Table structure for table `colors`
--

CREATE TABLE `colors` (
  `id` int(10) UNSIGNED NOT NULL,
  `created_at` timestamp NULL DEFAULT NULL,
  `updated_at` timestamp NULL DEFAULT NULL,
  `hex` varchar(15) COLLATE utf8mb4_unicode_ci NOT NULL
) ENGINE=InnoDB DEFAULT CHARSET=utf8mb4 COLLATE=utf8mb4_unicode_ci;

--
-- Dumping data for table `colors`
--

INSERT INTO `colors` (`id`, `created_at`, `updated_at`, `hex`) VALUES
(29, '2017-11-17 09:48:27', '2017-11-17 09:48:27', '#ffffff'),
(30, '2017-11-17 10:58:50', '2017-11-17 10:58:50', '#000000'),
(31, '2017-11-17 10:59:23', '2017-11-17 22:24:15', '#b6b6b6');

-- --------------------------------------------------------

--
-- Table structure for table `custom_cases`
--

CREATE TABLE `custom_cases` (
  `id` int(10) UNSIGNED NOT NULL,
  `created_at` timestamp NULL DEFAULT NULL,
  `updated_at` timestamp NULL DEFAULT NULL,
  `comment` varchar(191) COLLATE utf8mb4_unicode_ci NOT NULL,
  `user_id` int(10) UNSIGNED NOT NULL,
  `picture_id` int(10) UNSIGNED NOT NULL,
  `order_status_id` int(10) UNSIGNED NOT NULL
) ENGINE=InnoDB DEFAULT CHARSET=utf8mb4 COLLATE=utf8mb4_unicode_ci;

-- --------------------------------------------------------

--
-- Table structure for table `delivery_prices`
--

CREATE TABLE `delivery_prices` (
  `id` int(10) UNSIGNED NOT NULL,
  `created_at` timestamp NULL DEFAULT NULL,
  `updated_at` timestamp NULL DEFAULT NULL,
  `price` int(11) NOT NULL
) ENGINE=InnoDB DEFAULT CHARSET=utf8mb4 COLLATE=utf8mb4_unicode_ci;

-- --------------------------------------------------------

--
-- Table structure for table `migrations`
--

CREATE TABLE `migrations` (
  `id` int(10) UNSIGNED NOT NULL,
  `migration` varchar(191) COLLATE utf8mb4_unicode_ci NOT NULL,
  `batch` int(11) NOT NULL
) ENGINE=InnoDB DEFAULT CHARSET=utf8mb4 COLLATE=utf8mb4_unicode_ci;

--
-- Dumping data for table `migrations`
--

INSERT INTO `migrations` (`id`, `migration`, `batch`) VALUES
(1, '2017_09_03_000000_create_brands_table', 1),
(2, '2017_09_04_000000_create_types_table', 1),
(3, '2017_10_17_000000_create_users_table', 1),
(4, '2017_10_17_000001_create_categories_table', 1),
(5, '2017_10_17_000002_create_order_statuses_table', 1),
(6, '2017_10_17_000003_create_pictures_table', 1),
(7, '2017_10_17_000004_create_colors_table', 1),
(8, '2017_10_17_000005_create_delivery_prices_table', 1),
(9, '2017_10_17_000006_create_products_table', 1),
(10, '2017_10_17_000007_create_orders_table', 1),
(11, '2017_10_17_000008_create_custom_cases_table', 1),
(12, '2017_10_17_000009_create_prices_table', 1),
(13, '2017_10_17_000010_create_order_product_table', 1),
(14, '2017_10_17_000012_product_color', 1),
(15, '2017_10_21_171706_create_admins_table', 1),
(16, '2017_11_04_220429_category_brand', 1);

-- --------------------------------------------------------

--
-- Table structure for table `orders`
--

CREATE TABLE `orders` (
  `id` int(10) UNSIGNED NOT NULL,
  `created_at` timestamp NULL DEFAULT NULL,
  `updated_at` timestamp NULL DEFAULT NULL,
  `status_id` int(10) UNSIGNED NOT NULL,
  `user_id` int(10) UNSIGNED NOT NULL
) ENGINE=InnoDB DEFAULT CHARSET=utf8mb4 COLLATE=utf8mb4_unicode_ci;

-- --------------------------------------------------------

--
-- Table structure for table `order_product`
--

CREATE TABLE `order_product` (
  `order_id` int(10) UNSIGNED NOT NULL,
  `product_id` int(10) UNSIGNED NOT NULL,
  `created_at` timestamp NULL DEFAULT NULL,
  `updated_at` timestamp NULL DEFAULT NULL,
  `amount` int(11) NOT NULL
) ENGINE=InnoDB DEFAULT CHARSET=utf8mb4 COLLATE=utf8mb4_unicode_ci;

-- --------------------------------------------------------

--
-- Table structure for table `order_statuses`
--

CREATE TABLE `order_statuses` (
  `id` int(10) UNSIGNED NOT NULL,
  `created_at` timestamp NULL DEFAULT NULL,
  `updated_at` timestamp NULL DEFAULT NULL,
  `name` varchar(30) COLLATE utf8mb4_unicode_ci NOT NULL
) ENGINE=InnoDB DEFAULT CHARSET=utf8mb4 COLLATE=utf8mb4_unicode_ci;

-- --------------------------------------------------------

--
-- Table structure for table `pictures`
--

CREATE TABLE `pictures` (
  `id` int(10) UNSIGNED NOT NULL,
  `created_at` timestamp NULL DEFAULT NULL,
  `updated_at` timestamp NULL DEFAULT NULL,
  `file` varchar(200) COLLATE utf8mb4_unicode_ci NOT NULL,
  `alt` varchar(150) COLLATE utf8mb4_unicode_ci NOT NULL
) ENGINE=InnoDB DEFAULT CHARSET=utf8mb4 COLLATE=utf8mb4_unicode_ci;

--
-- Dumping data for table `pictures`
--

INSERT INTO `pictures` (`id`, `created_at`, `updated_at`, `file`, `alt`) VALUES
(24, NULL, NULL, 'noimage.jpg', 'blacksheep no image'),
(215, '2017-11-16 01:56:43', '2017-11-16 01:56:43', 'phpHejyJD_5440394404603.jpeg', 'Test Samsung Teracell'),
(216, '2017-11-17 09:42:10', '2017-11-17 09:42:10', 'phpPXvA9E_5440806063729.png', 'Torbica Teracell Skin Diamond za Samsung G955 S8 Plus'),
(217, '2017-11-17 09:50:51', '2017-11-17 09:50:51', 'phpO275NK_5440807943451.png', 'Torbica Teracell Skin Diamond za Samsung G950 S8'),
(218, '2017-11-17 09:53:31', '2017-11-17 09:53:31', 'php1QKAoB_5440808519611.png', 'Torbica Teracell Skin Diamond za Samsung A520F Galaxy A5 2017'),
(219, '2017-11-17 09:55:31', '2017-11-17 09:55:31', 'phpZbnxtZ_5440808951731.png', 'Torbica Teracell Skin Diamond za Huawei P10 lite'),
(220, '2017-11-17 10:08:55', '2017-11-17 10:08:55', 'phpju83up_5440811843335.png', 'Torbica Teracell Skin Diamond za Samsung J510F Galaxy J5 2016'),
(221, '2017-11-17 10:21:09', '2017-11-17 10:21:09', 'phpsGDNVt_5440814486469.png', 'Torbica Teracell Skin Diamond za Huawei Y625'),
(222, '2017-11-17 10:25:41', '2017-11-17 10:25:41', 'phpy8LLEc_5440815465941.png', 'Torbica Teracell Skin Diamond za Samsung G935 S7 Edge'),
(223, '2017-11-17 10:27:02', '2017-11-17 10:27:02', 'phpgTpjed_5440815757622.png', 'Torbica Teracell Skin Diamond za Sony Xperia M4 Aqua/E2305'),
(224, '2017-11-17 10:31:12', '2017-11-17 10:31:12', 'phpfLpLgy_5440816657872.png', 'Torbica Teracell Skin Diamond za iPhone 6/6S'),
(225, '2017-11-17 10:37:32', '2017-11-17 10:37:32', 'phpCGPtrX_5440818026252.png', 'Torbica Teracell Skin Diamond za Samsung A310F Galaxy A3 2016 '),
(226, '2017-11-17 10:39:56', '2017-11-17 10:39:56', 'phpAvvpdM_5440818544796.png', 'Torbica Teracell Skin Diamond za Samsung J320F Galaxy J3 2016 '),
(227, '2017-11-17 11:02:36', '2017-11-17 11:02:36', 'phpilmlcq_5440823438556.jpeg', 'Torbica Teracell Skin za iPhone 5'),
(228, '2017-11-17 11:05:25', '2017-11-17 11:05:25', 'phpthLSjM_5440824047125.jpeg', 'Torbica Teracell Skin za iPhone 5C'),
(229, '2017-11-17 11:08:56', '2017-11-17 11:08:56', 'phpEjJo7L_5440824806936.jpeg', 'Torbica Teracell Skin za iPhone 6 plus/6S plus'),
(230, '2017-11-17 11:10:44', '2017-11-17 11:10:44', 'phpBJYmpp_5440825195844.jpeg', 'Torbica Teracell Skin za iPhone 6/6S'),
(231, '2017-11-17 11:12:06', '2017-11-17 11:12:06', 'phpjho7Ur_5440825491126.jpeg', 'Torbica Teracell Skin za iPhone 7 plus/7S plus'),
(232, '2017-11-17 11:13:44', '2017-11-17 11:13:44', 'phpMx7srt_5440825844024.jpeg', 'Torbica Teracell Skin za iPhone 7/7S'),
(233, '2017-11-17 11:14:59', '2017-11-17 11:14:59', 'phpaADiD2_5440826114099.jpeg', 'Torbica Teracell Skin za iPhone X'),
(234, '2017-11-17 11:23:57', '2017-11-17 11:23:57', 'php2eT8p9_5440828051437.jpeg', 'Torbica Teracell Skin za Samsung A300F Galaxy A3'),
(235, '2017-11-17 11:27:12', '2017-11-17 11:27:12', 'phpa2S978_5440828753632.jpeg', 'Torbica Teracell Skin za Samsung A310F Galaxy A3 2016'),
(236, '2017-11-17 11:39:20', '2017-11-17 11:39:20', 'phpTo98GS_5440831375160.jpeg', 'Torbica Teracell Skin za Samsung A320F Galaxy A3 2017'),
(237, '2017-11-17 11:42:33', '2017-11-17 11:42:33', 'phpMkcJCJ_5440832070153.jpeg', 'Torbica Teracell Skin za Samsung A500F Galaxy A5'),
(238, '2017-11-17 11:44:16', '2017-11-17 11:44:16', 'phpTnhbR3_5440832441056.jpeg', 'Torbica Teracell Skin za iPhone X'),
(239, '2017-11-17 11:45:09', '2017-11-17 11:45:09', 'phpiXNiwk_5440832631909.jpeg', 'Torbica Teracell Skin za iPhone 5'),
(240, '2017-11-17 11:45:21', '2017-11-17 11:45:21', 'php4uZNd6_5440832675121.jpeg', 'Torbica Teracell Skin za iPhone 5C'),
(241, '2017-11-17 11:45:32', '2017-11-17 11:45:32', 'phppFleMK_5440832714732.jpeg', 'Torbica Teracell Skin za iPhone 6 plus/6S plus'),
(242, '2017-11-17 11:45:34', '2017-11-17 11:45:34', 'phpsuMCvQ_5440832718333.jpeg', 'Torbica Teracell Skin za iPhone 6 plus/6S plus'),
(243, '2017-11-17 11:45:47', '2017-11-17 11:45:47', 'phpeTtEHF_5440832768747.jpeg', 'Torbica Teracell Skin za iPhone 6/6S'),
(244, '2017-11-17 11:46:18', '2017-11-17 11:46:18', 'phpkcaXTA_5440832880378.jpeg', 'Torbica Teracell Skin za Samsung A510F Galaxy A5 2016 crna'),
(245, '2017-11-17 11:47:16', '2017-11-17 11:47:16', 'php5s3UV7_5440833089236.jpeg', 'Torbica Teracell Skin za iPhone 7 plus/7S plus'),
(246, '2017-11-17 11:47:23', '2017-11-17 11:47:23', 'phpB6H7az_5440833114443.jpeg', 'Torbica Teracell Skin za Samsung A520F Galaxy A5 2017'),
(247, '2017-11-17 11:49:33', '2017-11-17 11:49:33', 'phpBJXGEA_5440833582573.jpeg', 'Torbica Teracell Skin za Samsung A710F Galaxy A7 2016'),
(248, '2017-11-17 11:59:23', '2017-11-17 11:59:23', 'phpLkW7NR_5440835707163.jpeg', 'Torbica Teracell Skin za Samsung A800F Galaxy A8'),
(249, '2017-11-17 12:01:06', '2017-11-17 12:01:06', 'php36w4V9_5440836074466.jpeg', 'Torbica Teracell Skin za Samsung A810F Galaxy A8 2016'),
(250, '2017-11-17 12:02:31', '2017-11-17 12:02:31', 'php0khgXn_5440836380551.jpeg', 'Torbica Teracell Skin za Samsung A900F Galaxy A9'),
(251, '2017-11-17 12:04:08', '2017-11-17 12:04:08', 'phpZrGrNn_5440836729848.jpeg', 'Torbica Teracell Skin za Samsung E500F Galaxy E5'),
(252, '2017-11-17 12:05:35', '2017-11-17 12:05:35', 'phprI9C0I_5440837043135.jpeg', 'Torbica Teracell Skin za Huawei G6'),
(253, '2017-11-17 12:06:55', '2017-11-17 12:06:55', 'phpT4l3cC_5440837331215.jpeg', 'Torbica Teracell Skin za Samsung E700 Galaxy E7'),
(254, '2017-11-17 12:07:20', '2017-11-17 12:07:20', 'phpv36my8_5440837421240.jpeg', 'Torbica Teracell Skin za Huawei G620'),
(255, '2017-11-17 12:08:07', '2017-11-17 12:08:07', 'phpDmiSG2_5440837590487.jpeg', 'Torbica Teracell Skin za Huawei G620s'),
(256, '2017-11-17 12:11:57', '2017-11-17 12:11:57', 'phpzamThb_5440838418717.jpeg', 'Torbica Teracell Skin za Huawei G8 crna'),
(257, '2017-11-17 12:12:15', '2017-11-17 12:12:15', 'phppBZp0i_5440838483535.jpeg', 'Torbica Teracell Skin za Samsung G530H Grand Prime'),
(258, '2017-11-17 12:12:37', '2017-11-17 12:12:37', 'phpcHF9PD_5440838562757.jpeg', 'Torbica Teracell Skin za Huawei Honor 5X '),
(259, '2017-11-17 12:13:04', '2017-11-17 12:13:04', 'phpYPklAk_5440838659984.jpeg', 'Torbica Teracell Skin za Huawei Honor 6 '),
(260, '2017-11-17 12:14:33', '2017-11-17 12:14:33', 'phpZSCTAL_5440838980473.jpeg', 'Torbica Teracell Skin za Huawei Honor 6 plus '),
(261, '2017-11-17 12:16:59', '2017-11-17 12:16:59', 'phppO8jVJ_5440839506219.jpeg', 'Torbica Teracell Skin za Huawei Honor 7 lite/5C'),
(262, '2017-11-17 12:17:59', '2017-11-17 12:17:59', 'phpZAgHHs_5440839722279.jpeg', 'Torbica Teracell Skin za Huawei Honor 7 '),
(263, '2017-11-17 12:19:38', '2017-11-17 12:19:38', 'phpPuIvcv_5440840078778.jpeg', 'Torbica Teracell Skin za Huawei Honor 8 crna'),
(264, '2017-11-17 12:20:49', '2017-11-17 12:20:49', 'phpKcxILS_5440840334449.jpeg', 'Torbica Teracell Skin za Huawei Honor 8 Lite/P8 Lite 2017/P9 lite 2017'),
(265, '2017-11-17 12:22:38', '2017-11-17 12:22:38', 'phpiNQOXB_5440840726958.jpeg', 'Torbica Teracell Skin za Huawei Honor 9'),
(266, '2017-11-17 12:23:53', '2017-11-17 12:23:53', 'phpWfSpbe_5440840997033.jpeg', 'Torbica Teracell Skin za Huawei Honor V8'),
(267, '2017-11-17 12:24:56', '2017-11-17 12:24:56', 'phpdi08B4_5440841223896.jpeg', 'Torbica Teracell Skin za Huawei Mate 7 '),
(268, '2017-11-17 12:25:16', '2017-11-17 12:25:16', 'phpEXFx5h_5440841295916.jpeg', 'Torbica Teracell Skin za Huawei Mate 7 mini '),
(269, '2017-11-17 12:25:50', '2017-11-17 12:25:50', 'phpbNHoUp_5440841418350.jpeg', 'Torbica Teracell Skin za Huawei Mate 8 '),
(270, '2017-11-17 12:26:13', '2017-11-17 12:26:13', 'phpq1XVNO_5440841501173.jpeg', 'Torbica Teracell Skin za Huawei Mate 9'),
(271, '2017-11-17 12:26:49', '2017-11-17 12:26:49', 'phpHnUbm2_5440841630809.jpeg', 'Torbica Teracell Skin za Huawei Mate S '),
(272, '2017-11-17 12:34:57', '2017-11-17 12:34:57', 'phpelE780_5440843388097.jpeg', 'Torbica Teracell Skin za Huawei P10 Lite'),
(273, '2017-11-17 12:35:09', '2017-11-17 12:35:09', 'phpX5yKVM_5440843431309.jpeg', 'Torbica Teracell Skin za Huawei P10 Lite'),
(274, '2017-11-17 12:35:42', '2017-11-17 12:35:42', 'phpUFs6dM_5440843550142.jpeg', 'Torbica Teracell Skin za Huawei P10 Plus '),
(275, '2017-11-17 12:36:02', '2017-11-17 12:36:02', 'phpae3dw1_5440843622162.jpeg', 'Torbica Teracell Skin za Huawei P10 '),
(276, '2017-11-17 12:36:20', '2017-11-17 12:36:20', 'phpMPEBk9_5440843686980.jpeg', 'Torbica Teracell Skin za Huawei Nova 2 Plus'),
(277, '2017-11-17 12:36:35', '2017-11-17 12:36:35', 'phpzpiE51_5440843740995.jpeg', 'Torbica Teracell Skin za Huawei Nexus 6P'),
(278, '2017-11-17 12:37:46', '2017-11-17 12:37:46', 'phpRui33p_5440843996666.jpeg', 'Torbica Teracell Skin za iPhone 7/7S'),
(279, '2017-11-17 12:38:02', '2017-11-17 12:38:02', 'phpyQBJRo_5440844054282.jpeg', 'Torbica Teracell Skin za iPhone 7/8'),
(280, '2017-11-17 12:38:23', '2017-11-17 12:38:23', 'phpiqwGZE_5440844129903.jpeg', 'Torbica Teracell Skin za iPhone 7 plus/8 plus'),
(281, '2017-11-17 12:40:19', '2017-11-17 12:40:19', 'phplSYleO_5440844547619.jpeg', 'Torbica Teracell Skin za Huawei Nova 2 '),
(282, '2017-11-17 12:40:32', '2017-11-17 12:40:32', 'php7XX5TA_5440844594432.jpeg', 'Torbica Teracell Skin za Huawei Nova 2 '),
(283, '2017-11-17 12:40:39', '2017-11-17 12:40:39', 'php7dvVq2_5440844619639.jpeg', 'Torbica Teracell Skin za Samsung G610F Galaxy J7 Prime'),
(284, '2017-11-17 12:40:47', '2017-11-17 12:40:47', 'phpyZCIxy_5440844648447.jpeg', 'Torbica Teracell Skin za Huawei Nexus 6P'),
(285, '2017-11-17 12:43:18', '2017-11-17 12:43:18', 'phpik0GEO_5440845192198.jpeg', 'Torbica Teracell Skin za Huawei P8 '),
(286, '2017-11-17 12:43:58', '2017-11-17 12:43:58', 'phpIpZpsj_5440845336238.jpeg', 'Torbica Teracell Skin za Huawei P8 lite '),
(287, '2017-11-17 12:48:00', '2017-11-17 12:48:00', 'phpPFgGwa_5440846207680.jpeg', 'Torbica Teracell Skin za Samsung G920 S6'),
(288, '2017-11-17 12:48:12', '2017-11-17 12:48:12', 'phphV3R3R_5440846250892.jpeg', 'Torbica Teracell Skin za Huawei P8 Max '),
(289, '2017-11-17 12:49:29', '2017-11-17 12:49:29', 'phpipywgD_5440846528169.jpeg', 'Torbica Teracell Skin za Huawei P9 lite'),
(290, '2017-11-17 12:57:42', '2017-11-17 12:57:42', 'phpnkhbnW_5440848303462.jpeg', 'Torbica Teracell Skin za Samsung G928 S6 Edge+ crna'),
(291, '2017-11-17 13:02:28', '2017-11-17 13:02:28', 'phpuCYRGu_5440849329748.jpeg', 'Torbica Teracell Skin za Samsung G930 S7'),
(292, '2017-11-17 13:03:29', '2017-11-17 13:03:29', 'phpPuIjJh_5440849549409.jpeg', 'Torbica Teracell Skin za Huawei Y6 II '),
(293, '2017-11-17 13:06:41', '2017-11-17 13:06:41', 'phpO7OpQ4_5440850240801.jpeg', 'Torbica Teracell Skin za Samsung G935 S7 Edge'),
(294, '2017-11-17 13:06:52', '2017-11-17 13:06:52', 'phpx1FqjK_5440850280412.jpeg', ' Torbica Teracell Skin za Samsung G570F Galaxy J5 Prime '),
(295, '2017-11-17 13:07:53', '2017-11-17 13:07:53', 'phpXhtaPv_5440850500073.jpeg', ' TTorbica Teracell Skin plus za Samsung G925 S6 Edge'),
(296, '2017-11-17 13:08:13', '2017-11-17 13:08:13', 'phpKV10BK_5440850572093.jpeg', 'Torbica Teracell Skin za Samsung G950 S8'),
(297, '2017-11-17 13:11:38', '2017-11-17 13:11:38', 'phpDQ86Rl_5440851310298.jpeg', 'Torbica Teracell Skin za Samsung G955 S8 Plus'),
(298, '2017-11-17 13:22:48', '2017-11-17 13:22:48', 'phpdJ2mxv_5440853722968.jpeg', ' Torbica Teracell Skin plus za Samsung G925 S6 Edge'),
(299, '2017-11-17 13:24:32', '2017-11-17 13:24:32', 'phpSg0YsV_5440854097472.jpeg', 'Torbica Teracell Skin za Samsung Galaxy C5'),
(300, '2017-11-17 13:30:36', '2017-11-17 13:30:36', 'phpazJoog_5440855408236.jpeg', 'Torbica Teracell Skin za Samsung Galaxy C9 Pro'),
(301, '2017-11-17 13:32:16', '2017-11-17 13:32:16', 'phpTtopfq_5440855768336.jpeg', 'Torbica Teracell Skin za Samsung Galaxy C7 '),
(302, '2017-11-17 13:32:55', '2017-11-17 13:32:55', 'phpsvyqeQ_5440855908775.jpeg', 'Torbica Teracell Skin za Samsung I9600 S5/G900'),
(303, '2017-11-17 13:36:12', '2017-11-17 13:36:12', 'phpzG5ZkX_5440856618172.jpeg', 'Torbica Teracell Skin za Samsung J120F Galaxy J1 2016'),
(304, '2017-11-17 13:37:30', '2017-11-17 13:37:30', 'phpmUmedL_5440856899050.jpeg', 'Torbica Teracell Skin za Samsung J210F Galaxy J2 2016 transparen'),
(305, '2017-11-17 13:39:15', '2017-11-17 13:39:15', 'phpUrAqqb_5440857277155.jpeg', 'Torbica Teracell Skin za Samsung J320F Galaxy J3 2016'),
(306, '2017-11-17 13:40:57', '2017-11-17 13:40:57', 'phpzffNyu_5440857644457.jpeg', 'Torbica Teracell Skin za Samsung J327P Galaxy J3 2017'),
(307, '2017-11-17 13:43:44', '2017-11-17 13:43:44', 'phplQqUsK_5440858245824.jpeg', 'Torbica Teracell Skin za Samsung J330F Galaxy J3 2017'),
(308, '2017-11-17 13:43:58', '2017-11-17 13:43:58', 'phpWwTxMz_5440858296238.jpeg', 'Torbica Teracell Skin za Samsung J500F Galaxy J5'),
(309, '2017-11-17 13:46:46', '2017-11-17 13:46:46', 'phpimZliW_5440858901206.jpeg', 'Torbica Teracell Skin za Samsung J510F Galaxy J5 2016 '),
(310, '2017-11-17 13:47:24', '2017-11-17 13:47:24', 'phpLEYpne_5440859038044.jpeg', 'Torbica Teracell Skin za Samsung J527 Galaxy J5 2017'),
(311, '2017-11-17 13:56:43', '2017-11-17 13:56:43', 'phpiA3IJD_5440861051003.jpeg', 'Torbica Teracell Skin za Samsung J530F Galaxy J5 2017'),
(312, '2017-11-17 13:59:58', '2017-11-17 13:59:58', 'phpv7juFB_5440861753198.jpeg', 'Torbica Teracell Skin za Samsung J710F Galaxy J7 2016'),
(313, '2017-11-17 14:02:06', '2017-11-17 14:02:06', 'php5vdkyr_5440862210526.jpeg', 'Torbica Teracell Skin za Samsung J727 Galaxy J7 2017'),
(314, '2017-11-17 14:03:01', '2017-11-17 14:03:01', 'phpaJcvWR_5440862408581.jpeg', 'Torbica Teracell Skin za Samsung J730F Galaxy J7 2017'),
(315, '2017-11-17 14:06:00', '2017-11-17 14:06:00', 'phpiBXIbR_5440863053160.jpeg', 'Torbica Teracell Skin za Samsung J700F Galaxy J7'),
(316, '2017-11-17 14:07:13', '2017-11-17 14:07:13', 'phpt8GcLl_5440863316033.jpeg', 'Torbica Teracell Skin za Samsung N920 Note 5'),
(317, '2017-11-17 14:07:41', '2017-11-17 14:07:41', 'phpOyHQ25_5440863416861.jpeg', 'Torbica Teracell Skin za Samsung N910 Note 4 '),
(318, '2017-11-17 14:08:30', '2017-11-17 14:08:30', 'phpEErNO4_5440863593310.jpeg', 'Torbica Teracell Skin za Samsung N950F Note 8'),
(319, '2017-11-17 14:09:20', '2017-11-17 14:09:20', 'phprIWxo9_5440863773360.jpeg', 'Torbica Teracell Skin za Asus Zenfone 2 5.5/ZE551ML '),
(320, '2017-11-17 14:16:31', '2017-11-17 14:16:31', 'phpykVddE_5440865325391.png', 'Torbica Teracell Skin za Acer Liquid Zest Z525/Z528'),
(321, '2017-11-17 14:16:34', '2017-11-17 14:16:34', 'phpqWozeQ_5440865336194.png', 'Torbica Teracell Skin za Acer Liquid Zest Z525/Z528'),
(322, '2017-11-17 14:17:48', '2017-11-17 14:17:48', 'phprpF4Xl_5440865602668.png', 'Torbica Teracell Skin za Acer Liquid Zest Z525/Z528'),
(323, '2017-11-17 14:19:24', '2017-11-17 14:19:24', 'phpog9j0h_5440865948364.jpeg', 'Torbica Teracell Skin za Asus Zenfone 2 5.5/ZE551ML'),
(324, '2017-11-17 14:57:32', '2017-11-17 14:57:32', 'phpkEA3CU_5440874187452.jpeg', 'Torbica Teracell Skin za Asus Zenfone 3 Laser ZC551KL'),
(325, '2017-11-17 15:02:31', '2017-11-17 15:02:31', 'phplB1hsj_5440875260551.png', 'Torbica Teracell Skin za Asus Zenfone 3 Zoom ZE553KL'),
(326, '2017-11-17 15:04:47', '2017-11-17 15:04:47', 'phpYjm9tH_5440875750287.png', 'Torbica Teracell Skin za Asus Zenfone 4 Max ZC554KL '),
(327, '2017-11-17 15:05:36', '2017-11-17 15:05:36', 'phppQ5vgF_5440875926736.png', 'Torbica Teracell Skin za Asus Zenfone AR ZS571KL'),
(328, '2017-11-17 15:06:56', '2017-11-17 15:06:56', 'phpEThHQA_5440876214816.png', 'Torbica Teracell Skin za Asus Zenfone Zoom ZX551ML '),
(329, '2017-11-17 17:01:13', '2017-11-17 17:01:13', 'phpspL0K7_5440900899673.png', 'Milica'),
(330, '2017-11-17 17:20:04', '2017-11-17 17:20:04', 'phppDtZ5F_5440904972404.png', 'Torbica Glitz Fairytale za iPhone 7/7S'),
(331, '2017-11-17 17:26:03', '2017-11-17 17:26:03', 'phpHKW7JH_5440906265163.png', 'Torbica Glitz Fairytale za iPhone 7/7S'),
(332, '2017-11-17 17:28:41', '2017-11-17 17:28:41', 'phprpK4Qt_5440906834121.png', 'Torbica Glitz Girl za iPhone 6/6S '),
(333, '2017-11-17 17:34:18', '2017-11-17 17:34:18', 'phpNuIZga_5440908047658.png', 'Torbica Glitz Girl za iPhone 7 plus/8 plus'),
(334, '2017-11-17 17:39:15', '2017-11-17 17:39:15', 'phpJjHtoq_5440909117155.png', 'Torbica Glitz Girl za iPhone 7/8'),
(335, '2017-11-17 17:41:54', '2017-11-17 17:41:54', 'phpF2Ttxc_5440909689714.png', 'Torbica Glitz Girl za iPhone 7/8'),
(336, '2017-11-17 17:44:14', '2017-11-17 17:44:14', 'php4tjwoM_5440910193854.png', 'Torbica Glitz Girl za iPhone X '),
(337, '2017-11-17 17:45:36', '2017-11-17 17:45:36', 'phpNszINQ_5440910489136.png', 'Torbica Glitz Girl za iPhone X'),
(338, '2017-11-17 17:48:39', '2017-11-17 17:48:39', 'phpylWFA5_5440911148119.png', 'Torbica Glitz Peacocks za iPhone X'),
(339, '2017-11-17 17:53:08', '2017-11-17 17:53:08', 'phpVPvHHE_5440912116788.png', 'Torbica Glitz Peacocks za iPhone X '),
(340, '2017-11-17 17:55:45', '2017-11-17 17:55:45', 'phpT8rTug_5440912682145.png', 'Torbica Glitz Sunshine za iPhone 6/6S'),
(341, '2017-11-17 17:57:54', '2017-11-17 17:57:54', 'phpFghp2b_5440913146674.png', 'Torbica Glitz Sunshine za iPhone 6/6S'),
(342, '2017-11-17 17:59:29', '2017-11-17 17:59:29', 'phpUdjs34_5440913488769.png', 'Torbica Glitz Sunshine za iPhone 6/6S'),
(343, '2017-11-17 18:01:48', '2017-11-17 18:01:48', 'phpNuppBz_5440913985708.png', 'Torbica Glitz Sunshine za iPhone 6/6S'),
(344, '2017-11-17 18:03:04', '2017-11-17 18:03:04', 'php82Beuh_5440914259384.png', 'Torbica Glitz Sunshine za iPhone 6/6S'),
(345, '2017-11-17 18:05:33', '2017-11-17 18:05:33', 'php9EeSBq_5440914795933.png', 'Torbica Glitz Sunshine za iPhone 7/8'),
(346, '2017-11-17 18:07:54', '2017-11-17 18:07:54', 'phpAzYqn6_5440915303674.png', 'Torbica Glitz Sunshine za iPhone 7/8'),
(347, '2017-11-17 18:09:14', '2017-11-17 18:09:14', 'phpxyad3Z_5440915591754.png', 'Torbica Glitz Sunshine za iPhone 7/8'),
(348, '2017-11-17 18:10:50', '2017-11-17 18:10:50', 'phpauz9FV_5440915937450.png', 'Torbica Glitz Sunshine za iPhone 7/8'),
(349, '2017-11-17 18:12:55', '2017-11-17 18:12:55', 'phpyAjPbB_5440916387575.png', 'Torbica Glitz Sunshine za iPhone 7/8'),
(350, '2017-11-17 18:18:59', '2017-11-17 18:18:59', 'phpZktsXX_5440917698339.png', 'Torbica Glitz Sunshine za iPhone X'),
(351, '2017-11-17 18:20:15', '2017-11-17 18:20:15', 'phpjvWPUE_5440917972015.png', 'Torbica Glitz Sunshine za iPhone X'),
(352, '2017-11-17 18:21:39', '2017-11-17 18:21:39', 'php4aD7hO_5440918274499.png', 'Torbica Glitz Sunshine za iPhone X'),
(353, '2017-11-17 18:23:13', '2017-11-17 18:23:13', 'phpMVnowB_5440918612993.png', 'Torbica Glitz Sunshine za iPhone X'),
(354, '2017-11-17 18:24:47', '2017-11-17 18:24:47', 'phptuZpxo_5440918951487.png', 'Torbica Glitz Sunshine za iPhone X'),
(355, '2017-11-17 18:27:08', '2017-11-17 18:27:08', 'phpIUp172_5440919459228.png', 'Torbica Glitz za iPhone 6/6S'),
(356, '2017-11-17 18:29:00', '2017-11-17 18:29:00', 'phpOUZhQU_5440919862540.png', 'Torbica Glitz za iPhone 7 plus/8 plus'),
(357, '2017-11-17 18:30:42', '2017-11-17 18:30:42', 'phprnMoIb_5440920229842.png', 'Torbica Glitz za iPhone 7/8'),
(358, '2017-11-17 18:33:55', '2017-11-17 18:33:55', 'phpvS20W1_5440920924835.png', 'Torbica Glitz za iPhone X '),
(359, '2017-11-17 18:39:26', '2017-11-17 18:39:26', 'phpow9rKq_5440922116766.png', 'Torbica Glitz Fairytale za Huawei Honor 8 lite/P8 lite 2017/P9 lite 2017'),
(360, '2017-11-17 18:41:43', '2017-11-17 18:41:43', 'phpLCAF9O_5440922610103.png', 'Torbica Glitz Fairytale za Huawei Honor 8 lite/P8 lite 2017/P9 lite 2017 '),
(361, '2017-11-17 18:43:59', '2017-11-17 18:43:59', 'phpEedMCa_5440923099839.png', 'Torbica Glitz Girl za Huawei Honor 8 lite/P8 lite 2017/P9 lite 2017'),
(362, '2017-11-17 18:45:18', '2017-11-17 18:45:18', 'phpH1KVd2_5440923384318.png', 'Torbica Glitz Girl za Huawei Honor 8 lite/P8 lite 2017/P9 lite 2017'),
(363, '2017-11-17 18:49:23', '2017-11-17 18:49:23', 'phpsAvpz6_5440924266563.png', 'Torbica Glitz Girl za Huawei P10 lite'),
(364, '2017-11-17 18:58:32', '2017-11-17 18:58:32', 'php4ayzZR_5440926243512.png', 'Torbica Glitz Girl za Huawei P8 lite'),
(365, '2017-11-17 19:02:53', '2017-11-17 19:02:53', 'phpzCrwTT_5440927179773.png', 'Torbica Glitz Girl za Huawei P8 lite'),
(366, '2017-11-17 19:08:02', '2017-11-17 19:08:02', 'phpRcJHzS_5440928292482.png', 'Torbica Glitz Girl za Huawei P9 lite'),
(367, '2017-11-17 19:11:10', '2017-11-17 19:11:10', 'phpA8ei7r_5440928969470.png', 'Torbica Glitz Peacocks za Huawei P10 lite'),
(368, '2017-11-17 19:19:17', '2017-11-17 19:19:17', 'phpA7Erfq_5440930723157.png', 'Torbica Glitz Peacocks za Huawei P10 lite'),
(369, '2017-11-17 19:23:48', '2017-11-17 19:23:48', 'phpIvxgd4_5440931699028.png', 'Torbica Glitz Sunshine za Huawei Honor 8 lite/P8 lite 2017/P9 lite 2017'),
(370, '2017-11-17 19:25:48', '2017-11-17 19:25:48', 'php8PM0mr_5440932131148.png', 'Torbica Glitz Sunshine za Huawei Honor 8 lite/P8 lite 2017/P9 lite 2017'),
(371, '2017-11-17 19:29:28', '2017-11-17 19:29:28', 'phpwaU9cX_5440932923368.png', 'Torbica Glitz Sunshine za Huawei Honor 8 lite/P8 lite 2017/P9 lite 2017 '),
(372, '2017-11-17 19:31:09', '2017-11-17 19:31:09', 'phpNdDLC9_5440933287069.png', 'Torbica Glitz Sunshine za Huawei Honor 8 lite/P8 lite 2017/P9 lite 2017'),
(373, '2017-11-17 19:34:03', '2017-11-17 19:34:03', 'phplYpekS_5440933913643.png', 'Torbica Glitz Sunshine za Huawei Honor 8 lite/P8 lite 2017/P9 lite 2017'),
(374, '2017-11-17 19:37:19', '2017-11-17 19:37:19', 'phpRxObUT_5440934619439.png', 'Torbica Glitz Sunshine za Huawei P10 lite'),
(375, '2017-11-17 19:39:53', '2017-11-17 19:39:53', 'phpSqXc5m_5440935173993.png', 'Torbica Glitz Sunshine za Huawei P10 lite '),
(376, '2017-11-17 19:41:26', '2017-11-17 19:41:26', 'phpyBsnZ3_5440935508886.png', 'Torbica Glitz Sunshine za Huawei P10 lite'),
(377, '2017-11-17 19:43:37', '2017-11-17 19:43:37', 'phpBP9JOa_5440935980617.png', 'Torbica Glitz Sunshine za Huawei P10 lite '),
(378, '2017-11-17 19:47:25', '2017-11-17 19:47:25', 'php3uonga_5440936801645.png', 'Torbica Glitz za Huawei Honor 8 lite/P8 lite 2017/P9 lite 2017'),
(379, '2017-11-17 19:49:37', '2017-11-17 19:49:37', 'phpCidDVg_5440937276977.jpeg', 'Torbica Teracell Skin za HTC 10 '),
(380, '2017-11-17 19:50:08', '2017-11-17 19:50:08', 'phpTj6Kbd_5440937388608.png', 'Torbica Glitz za Huawei P10 lite'),
(381, '2017-11-17 19:50:45', '2017-11-17 19:50:45', 'phpZohbSr_5440937521845.png', 'Torbica Teracell Skin za HTC Desire 10'),
(382, '2017-11-17 19:52:22', '2017-11-17 19:52:22', 'php0dqolp_5440937871142.png', 'Torbica Teracell Skin za HTC One A9'),
(383, '2017-11-17 19:54:28', '2017-11-17 19:54:28', 'php3779Lb_5440938324868.png', 'Torbica Glitz za Huawei P8 lite'),
(384, '2017-11-17 19:58:07', '2017-11-17 19:58:07', 'phpQaLkrB_5440939113487.png', 'Torbica Glitz za Huawei P9 lite'),
(385, '2017-11-17 19:58:41', '2017-11-17 19:58:41', 'phpxqr7uI_5440939235921.png', 'Torbica Teracell Skin za HTC One E9'),
(386, '2017-11-17 20:00:13', '2017-11-17 20:00:13', 'phpcWpObp_5440939563613.png', 'Torbica Teracell Skin za HTC One E9 plus'),
(387, '2017-11-17 20:05:59', '2017-11-17 20:05:59', 'phpdPfFGE_5440940809559.png', 'Torbica Glitz Fairytale za Samsung A520F Galaxy A5 2017'),
(388, '2017-11-17 20:09:05', '2017-11-17 20:09:05', 'phpRWqj33_5440941479345.jpeg', 'Torbica Teracell Skin za HTC One M9 plus'),
(389, '2017-11-17 20:17:49', '2017-11-17 20:17:49', 'php6bc6Dg_5440943366269.png', 'Torbica Glitz Fairytale za Samsung A520F Galaxy A5 2017 '),
(390, '2017-11-17 20:25:55', '2017-11-17 20:25:55', 'phpyTQRL8_5440945116355.png', 'Torbica Glitz Fairytale za Samsung G950 S8'),
(391, '2017-11-17 20:29:29', '2017-11-17 20:29:29', 'phpblr7Yk_5440945886969.png', 'Torbica Glitz Fairytale za Samsung G950 S8 '),
(392, '2017-11-17 20:34:52', '2017-11-17 20:34:52', 'phpV7NB5b_5440947050092.png', 'Torbica Glitz Fairytale za Samsung G955 S8 plus '),
(393, '2017-11-17 20:39:00', '2017-11-17 20:39:00', 'phpYltHir_5440947943140.png', 'Torbica Glitz Fairytale za Samsung G955 S8 plus'),
(394, '2017-11-17 20:41:38', '2017-11-17 20:41:38', 'phpn7A9Y6_5440948512098.png', 'Torbica Teracell Skin za HTC X10/E66 '),
(395, '2017-11-17 20:43:55', '2017-11-17 20:43:55', 'phpBtWJXw_5440949001834.png', 'Torbica Teracell Skin za HTC U11/HTC Ocean '),
(396, '2017-11-17 20:44:48', '2017-11-17 20:44:48', 'phpMVQ3MN_5440949196288.png', 'Torbica Glitz Fairytale za Samsung J710F Galaxy J7 2016'),
(397, '2017-11-17 20:47:08', '2017-11-17 20:47:08', 'phpwofVVr_5440949700428.png', 'Torbica Glitz Fairytale za Samsung J710F Galaxy J7 2016'),
(398, '2017-11-17 20:49:56', '2017-11-17 20:49:56', 'phpBhpiKJ_5440950305396.png', 'Torbica Glitz Girl za Samsung A510F Galaxy A5 2016 '),
(399, '2017-11-17 20:52:06', '2017-11-17 20:52:06', 'phpSuTzXJ_5440950773526.png', ' Torbica Glitz Girl za Samsung A520F Galaxy A5 2017 '),
(400, '2017-11-17 20:54:01', '2017-11-17 20:54:01', 'phpy452TP_5440951187641.png', 'Torbica Glitz Girl za Samsung A520F Galaxy A5 2017 '),
(401, '2017-11-17 21:00:03', '2017-11-17 21:00:03', 'phpoLRN74_5440952487603.png', 'Torbica Glitz Girl za Samsung G935 S7 Edge'),
(402, '2017-11-17 21:02:58', '2017-11-17 21:02:58', 'phpR8r0JP_5440953117778.png', 'Torbica Glitz Girl za Samsung G935 S7 Edge '),
(403, '2017-11-17 21:05:15', '2017-11-17 21:05:15', 'phpszwtJd_5440953611115.png', 'Torbica Glitz Girl za Samsung G955 S8 Plus'),
(404, '2017-11-17 21:13:51', '2017-11-17 21:13:51', 'phpwFySEZ_5440955469231.png', 'Torbica Glitz Girl za Samsung G955 S8 Plus'),
(405, '2017-11-17 21:15:56', '2017-11-17 21:15:56', 'phpXlnipF_5440955919356.png', 'Torbica Glitz Girl za Samsung J320F Galaxy J3 2016 '),
(406, '2017-11-17 21:18:06', '2017-11-17 21:18:06', 'phpZBkxID_5440956387486.png', 'Torbica Teracell Skin za Lenovo A1000'),
(407, '2017-11-17 21:18:39', '2017-11-17 21:18:39', 'phpuBVveE_5440956506319.png', 'Torbica Teracell Skin za Lenovo A1010/A Plus '),
(408, '2017-11-17 21:19:19', '2017-11-17 21:19:19', 'phpWpt6p7_5440956650359.png', 'Torbica Glitz Girl za Samsung J710F Galaxy J7 2016 '),
(409, '2017-11-17 21:19:26', '2017-11-17 21:19:26', 'phpkYx5vx_5440956675566.png', 'Torbica Teracell Skin za Lenovo A2010'),
(410, '2017-11-17 21:20:21', '2017-11-17 21:20:21', 'phpefHhsV_5440956873621.png', 'Torbica Teracell Skin za Lenovo A2020/Vibe C '),
(411, '2017-11-17 21:21:14', '2017-11-17 21:21:14', 'phpnudFJb_5440957064474.png', 'Torbica Teracell Skin za Lenovo A6000/A6010 '),
(412, '2017-11-17 21:21:43', '2017-11-17 21:21:43', 'phpbCPN5X_5440957168903.png', 'Torbica Teracell Skin za Lenovo A6020/Vibe K5 '),
(413, '2017-11-17 21:23:39', '2017-11-17 21:23:39', 'php1cIos7_5440957586619.png', 'Torbica Teracell Skin za Lenovo A2010'),
(414, '2017-11-17 21:26:30', '2017-11-17 21:26:30', 'phpxpTF8B_5440958202390.png', 'Torbica Glitz Girl za Samsung J710F Galaxy J7 2016 '),
(415, '2017-11-17 21:26:55', '2017-11-17 21:26:55', 'phpSjl8w9_5440958292415.png', 'Torbica Teracell Skin za Lenovo A7000'),
(416, '2017-11-17 21:27:25', '2017-11-17 21:27:25', 'phpF4kdG1_5440958400445.png', 'Torbica Teracell Skin za Lenovo A7010 crna'),
(417, '2017-11-17 21:28:24', '2017-11-17 21:28:24', 'phplMk2mF_5440958612904.png', 'Torbica Teracell Skin za Lenovo K6 crna'),
(418, '2017-11-17 21:29:24', '2017-11-17 21:29:24', 'php5U4Itk_5440958828964.png', 'Torbica Teracell Skin za Lenovo K6 Note'),
(419, '2017-11-17 21:30:10', '2017-11-17 21:30:10', 'phpQVAj29_5440958994610.png', 'Torbica Glitz Girl za Samsung J730F Galaxy J7 2017 '),
(420, '2017-11-17 21:30:46', '2017-11-17 21:30:46', 'phph4rlHn_5440959124246.png', 'Torbica Teracell Skin za Lenovo K6 crna'),
(421, '2017-11-17 21:31:12', '2017-11-17 21:31:12', 'phpuHKLrY_5440959217872.png', 'Torbica Teracell Skin za Lenovo K6 crna'),
(422, '2017-11-17 21:31:37', '2017-11-17 21:31:37', 'phpxdvHCt_5440959307897.png', 'Torbica Teracell Skin za Lenovo A7010 crna'),
(423, '2017-11-17 21:31:39', '2017-11-17 21:31:39', 'phpygo6pD_5440959315099.png', 'Torbica Glitz Girl za Samsung J730F Galaxy J7 2017 '),
(424, '2017-11-17 21:32:00', '2017-11-17 21:32:00', 'phplrB48V_5440959390720.png', 'Torbica Teracell Skin za Lenovo A7000'),
(425, '2017-11-17 21:34:05', '2017-11-17 21:34:05', 'phpgTSuVC_5440959840845.png', 'Torbica Glitz Peacocks za Samsung G950 S8'),
(426, '2017-11-17 21:35:20', '2017-11-17 21:35:20', 'phpSvIWGc_5440960110920.png', 'Torbica Teracell Skin za Lenovo Moto C 3G '),
(427, '2017-11-17 21:35:51', '2017-11-17 21:35:51', 'phpuV0ZD8_5440960222551.png', 'Torbica Teracell Skin za Lenovo Moto C Plus '),
(428, '2017-11-17 21:36:35', '2017-11-17 21:36:35', 'phpV5XoEQ_5440960380995.png', 'Torbica Teracell Skin za Lenovo Moto E2  '),
(429, '2017-11-17 21:37:05', '2017-11-17 21:37:05', 'phpGaE2NG_5440960489025.png', 'Torbica Teracell Skin za Lenovo Moto E3'),
(430, '2017-11-17 21:37:32', '2017-11-17 21:37:32', 'phpfXANBl_5440960586252.png', 'Torbica Teracell Skin za Lenovo P70'),
(431, '2017-11-17 21:38:01', '2017-11-17 21:38:01', 'phpax7FL7_5440960690681.png', 'Torbica Teracell Skin za Lenovo Phab2'),
(432, '2017-11-17 21:38:18', '2017-11-17 21:38:18', 'php8VmIxa_5440960751898.png', 'Torbica Glitz Peacocks za Samsung G950 S8'),
(433, '2017-11-17 21:38:57', '2017-11-17 21:38:57', 'phpXKJMWx_5440960892337.png', 'Torbica Teracell Skin za Lenovo Phab2 Pro '),
(434, '2017-11-17 21:40:07', '2017-11-17 21:40:07', 'phpFHCUeP_5440961144407.png', 'Torbica Teracell Skin za Lenovo Phab2 Plus '),
(435, '2017-11-17 21:41:17', '2017-11-17 21:41:17', 'phpnZ1tU7_5440961396477.png', 'Torbica Teracell Skin za Lenovo Vibe C2'),
(436, '2017-11-17 21:41:47', '2017-11-17 21:41:47', 'phpkZ6Wc0_5440961504507.png', 'Torbica Teracell Skin za Lenovo Vibe P2 '),
(437, '2017-11-17 21:41:52', '2017-11-17 21:41:52', 'phppgCr8h_5440961522512.png', 'Torbica Glitz Peacocks za Samsung G955 S8 plus '),
(438, '2017-11-17 21:42:33', '2017-11-17 21:42:33', 'phpHgUgbR_5440961670153.png', 'Torbica Teracell Skin za Lenovo Vibe S1 Lite '),
(439, '2017-11-17 21:43:05', '2017-11-17 21:43:05', 'phpqewc6O_5440961785385.png', 'Torbica Teracell Skin za Lenovo Vibe X2'),
(440, '2017-11-17 21:45:44', '2017-11-17 21:45:44', 'phpO9MMUz_5440962357944.png', 'Torbica Glitz Peacocks za Samsung G955 S8 plus '),
(441, '2017-11-17 21:48:12', '2017-11-17 21:48:12', 'phpX5SF0F_5440962890892.png', 'Torbica Glitz Peacocks za Samsung J330F Galaxy J3 2017'),
(442, '2017-11-17 21:49:57', '2017-11-17 21:49:57', 'phpx37Sa7_5440963268997.png', 'Torbica Glitz Peacocks za Samsung J530F Galaxy J5 2017'),
(443, '2017-11-17 21:51:29', '2017-11-17 21:51:29', 'phpP4iBTL_5440963600289.png', 'Torbica Glitz Peacocks za Samsung J530F Galaxy J5 2017'),
(444, '2017-11-17 21:53:07', '2017-11-17 21:53:07', 'php5aEzJO_5440963953187.png', 'Torbica Glitz Peacocks za Samsung J730F Galaxy J7 2017'),
(445, '2017-11-17 21:54:42', '2017-11-17 21:54:42', 'phpcEYwdD_5440964295282.png', 'Torbica Glitz Peacocks za Samsung J730F Galaxy J7 2017'),
(446, '2017-11-17 21:56:23', '2017-11-17 21:56:23', 'phpxBZl4Q_5440964658983.png', 'Torbica Glitz Peacocks za Samsung N950F Note 8 '),
(447, '2017-11-17 21:57:55', '2017-11-17 21:57:55', 'phptRpJ5v_5440964990275.png', 'Torbica Glitz Sunshine za Samsung A520F Galaxy A5 2017 '),
(448, '2017-11-17 21:59:37', '2017-11-17 21:59:37', 'phpG70GNM_5440965357577.png', 'Torbica Glitz Sunshine za Samsung A520F Galaxy A5 2017 '),
(449, '2017-11-17 22:02:17', '2017-11-17 22:02:17', 'php3MdexA_5440965930137.png', 'Torbica Glitz Sunshine za Samsung A520F Galaxy A5 2017'),
(450, '2017-11-17 22:03:59', '2017-11-17 22:03:59', 'phpEYui2S_5440966297439.png', 'Torbica Glitz Sunshine za Samsung A520F Galaxy A5 2017 '),
(451, '2017-11-17 22:05:47', '2017-11-17 22:05:47', 'phpkGAe0x_5440966686347.png', 'Torbica Glitz Sunshine za Samsung A520F Galaxy A5 2017 '),
(452, '2017-11-17 22:07:54', '2017-11-17 22:07:54', 'phpTH1dTj_5440967143674.png', 'Torbica Glitz Sunshine za Samsung G950 S8 '),
(453, '2017-11-17 22:09:37', '2017-11-17 22:09:37', 'phpsiTHWG_5440967514577.png', 'Torbica Glitz Sunshine za Samsung G950 S8'),
(454, '2017-11-17 22:11:56', '2017-11-17 22:11:56', 'php4FoR9d_5440968015116.png', 'Torbica Glitz Sunshine za Samsung G950 S8'),
(455, '2017-11-17 22:15:08', '2017-11-17 22:15:08', 'phpmk76YY_5440968706508.png', 'Torbica Glitz Sunshine za Samsung G950 S8'),
(456, '2017-11-17 22:16:53', '2017-11-17 22:16:53', 'phpA94F7q_5440969084613.png', 'Torbica Glitz Sunshine za Samsung G950 S8'),
(457, '2017-11-17 22:18:44', '2017-11-17 22:18:44', 'phpDGNZmi_5440969484324.png', 'Torbica Glitz Sunshine za Samsung G955 S8 plus '),
(458, '2017-11-17 22:22:29', '2017-11-17 22:22:29', 'phpMfPHt7_5440970294549.png', 'Torbica Glitz Sunshine za Samsung G955 S8 plus '),
(459, '2017-11-17 22:23:34', '2017-11-17 22:23:34', 'phpmeqNx7_5440970528614.jpeg', 'Torbica Teracell Skin za LG G5/H850'),
(460, '2017-11-17 22:24:43', '2017-11-17 22:24:43', 'phpfIlmao_5440970777083.png', 'Torbica Glitz Sunshine za Samsung G955 S8 plus '),
(461, '2017-11-17 22:26:11', '2017-11-17 22:26:11', 'phpaUVZvL_5440971093971.jpeg', 'Torbica Teracell Skin za LG G6/H870'),
(462, '2017-11-17 22:27:04', '2017-11-17 22:27:04', 'phpAkdqV0_5440971284824.jpeg', 'Torbica Teracell Skin za LG K10 2017/M250N '),
(463, '2017-11-17 22:27:49', '2017-11-17 22:27:49', 'phpFWidXN_5440971446869.jpeg', 'Torbica Teracell Skin za LG K10/K420N '),
(464, '2017-11-17 22:28:10', '2017-11-17 22:28:10', 'phpPB6W44_5440971522490.png', 'Torbica Glitz Sunshine za Samsung G955 S8 plus '),
(465, '2017-11-17 22:28:49', '2017-11-17 22:28:49', 'phpEVc4pu_5440971662929.jpeg', 'Torbica Teracell Skin za LG K3 2017'),
(466, '2017-11-17 22:29:16', '2017-11-17 22:29:16', 'phpJ2Lrd8_5440971760156.jpeg', 'Torbica Teracell Skin za LG K4 2017'),
(467, '2017-11-17 22:29:55', '2017-11-17 22:29:55', 'phpoiN1ez_5440971900595.jpeg', 'Torbica Teracell Skin za LG K7 '),
(468, '2017-11-17 22:30:30', '2017-11-17 22:30:30', 'phpiyuGIF_5440972026630.png', 'Torbica Glitz Sunshine za Samsung G955 S8 plus '),
(469, '2017-11-17 22:30:30', '2017-11-17 22:30:30', 'php2ANsUH_5440972026630.jpeg', 'Torbica Teracell Skin za LG K8 2017 '),
(470, '2017-11-17 22:31:15', '2017-11-17 22:31:15', 'phpuMSwNs_5440972188675.jpeg', 'Torbica Teracell Skin za LG Nexus 5/D821'),
(471, '2017-11-17 22:31:33', '2017-11-17 22:31:33', 'phpLUwHvA_5440972253493.jpeg', 'Torbica Teracell Skin za LG Nexus 5X '),
(472, '2017-11-17 22:31:56', '2017-11-17 22:31:56', 'phpXr6rTW_5440972336316.jpeg', 'Torbica Teracell Skin za LG Q6/M700N'),
(473, '2017-11-17 22:33:09', '2017-11-17 22:33:09', 'php6Mramt_5440972599189.jpeg', 'Torbica Teracell Skin za LG X Cam'),
(474, '2017-11-17 22:33:32', '2017-11-17 22:33:32', 'phpmhix4R_5440972682012.jpeg', 'Torbica Teracell Skin za LG X screen'),
(475, '2017-11-17 22:35:07', '2017-11-17 22:35:07', 'php76yifH_5440973024107.png', 'Torbica Teracell Skin za Meizu MX6 transparent'),
(476, '2017-11-17 22:50:55', '2017-11-17 22:50:55', 'php5iYhq1_5440976437855.png', 'Torbica Glitz Sunshine za Samsung J320F Galaxy J3 2016 '),
(477, '2017-11-17 22:53:02', '2017-11-17 22:53:02', 'phpmShx5M_5440976895182.png', 'Torbica Glitz Sunshine za Samsung J320F Galaxy J3 2016'),
(478, '2017-11-17 22:56:44', '2017-11-17 22:56:44', 'phpAIrONt_5440977694604.png', 'Torbica Glitz Sunshine za Samsung J320F Galaxy J3 2016'),
(479, '2017-11-17 22:58:17', '2017-11-17 22:58:17', 'phpieyEPb_5440978029497.png', 'Torbica Glitz Sunshine za Samsung J320F Galaxy J3 2016'),
(480, '2017-11-17 23:00:18', '2017-11-17 23:00:18', 'php8DFH4B_5440978548018.png', 'Torbica Glitz Sunshine za Samsung J330F Galaxy J3 2017'),
(481, '2017-11-17 23:01:42', '2017-11-17 23:01:42', 'phpU6sYGL_5440978850502.png', 'Torbica Glitz Sunshine za Samsung J330F Galaxy J3 2017'),
(482, '2017-11-17 23:06:39', '2017-11-17 23:06:39', 'php1U6Zi3_5440979919999.png', 'Torbica Glitz Sunshine za Samsung J330F Galaxy J3 2017'),
(483, '2017-11-17 23:08:31', '2017-11-17 23:08:31', 'phpNbCrqU_5440980323311.png', 'Torbica Glitz Sunshine za Samsung J330F Galaxy J3 2017'),
(484, '2017-11-17 23:10:14', '2017-11-17 23:10:14', 'php6zpyyf_5440980694214.png', 'Torbica Glitz Sunshine za Samsung J510F Galaxy J5 2016'),
(485, '2017-11-17 23:12:04', '2017-11-17 23:12:04', 'php5sPep0_5440981090324.png', 'Torbica Glitz Sunshine za Samsung J510F Galaxy J5 2016 '),
(486, '2017-11-17 23:13:45', '2017-11-17 23:13:45', 'phpttct9e_5440981454025.png', 'Torbica Glitz Sunshine za Samsung J510F Galaxy J5 2016'),
(487, '2017-11-17 23:15:17', '2017-11-17 23:15:17', 'php41RCxS_5440981785317.png', 'Torbica Glitz Sunshine za Samsung J510F Galaxy J5 2016'),
(488, '2017-11-17 23:17:08', '2017-11-17 23:17:08', 'phpE5rwAH_5440982185028.png', 'Torbica Glitz Sunshine za Samsung J510F Galaxy J5 2016'),
(489, '2017-11-17 23:18:58', '2017-11-17 23:18:58', 'phpaToVjs_5440982581138.png', 'Torbica Glitz Sunshine za Samsung J530F Galaxy J5 2017'),
(490, '2017-11-17 23:20:19', '2017-11-17 23:20:19', 'phpMJi2Kp_5440982872819.png', 'Torbica Glitz Sunshine za Samsung J530F Galaxy J5 2017'),
(491, '2017-11-17 23:23:15', '2017-11-17 23:23:15', 'phpM9cAOg_5440983506595.png', 'Torbica Glitz Sunshine za Samsung J530F Galaxy J5 2017'),
(492, '2017-11-17 23:24:34', '2017-11-17 23:24:34', 'phpui9I67_5440983791074.png', 'Torbica Glitz Sunshine za Samsung J530F Galaxy J5 2017 '),
(493, '2017-11-17 23:25:45', '2017-11-17 23:25:45', 'phpiuAIzu_5440984046745.png', 'Torbica Glitz Sunshine za Samsung J530F Galaxy J5 2017'),
(494, '2017-11-17 23:26:57', '2017-11-17 23:26:57', 'phpE3zCVV_5440984306017.png', 'Torbica Glitz Sunshine za Samsung J710F Galaxy J7 2016 '),
(495, '2017-11-17 23:28:18', '2017-11-17 23:28:18', 'phpq0Nd4T_5440984597698.png', 'Torbica Glitz Sunshine za Samsung J710F Galaxy J7 2016'),
(496, '2017-11-17 23:30:00', '2017-11-17 23:30:00', 'php8fdMM8_5440984965000.png', 'Torbica Glitz Sunshine za Samsung J710F Galaxy J7 2016 '),
(497, '2017-11-17 23:31:33', '2017-11-17 23:31:33', 'phpjqgrgQ_5440985299893.png', 'Torbica Glitz Sunshine za Samsung J710F Galaxy J7 2016 '),
(498, '2017-11-17 23:33:18', '2017-11-17 23:33:18', 'phpFeDMRj_5440985677998.png', 'Torbica Glitz Sunshine za Samsung J710F Galaxy J7 2016'),
(499, '2017-11-17 23:34:51', '2017-11-17 23:34:51', 'php8f5vE2_5440986012891.png', 'Torbica Glitz Sunshine za Samsung J730F Galaxy J7 2017 '),
(500, '2017-11-17 23:36:59', '2017-11-17 23:36:59', 'phpTGqheU_5440986473819.png', 'Torbica Glitz Sunshine za Samsung J730F Galaxy J7 2017'),
(501, '2017-11-17 23:38:24', '2017-11-17 23:38:24', 'phpObVW38_5440986779904.png', 'Torbica Glitz Sunshine za Samsung J730F Galaxy J7 2017 '),
(502, '2017-11-17 23:40:07', '2017-11-17 23:40:07', 'phpR0G4xs_5440987150807.png', 'Torbica Glitz Sunshine za Samsung J730F Galaxy J7 2017'),
(503, '2017-11-17 23:41:41', '2017-11-17 23:41:41', 'phpGLwYce_5440987489301.png', 'Torbica Glitz Sunshine za Samsung J730F Galaxy J7 2017 '),
(504, '2017-11-17 23:43:02', '2017-11-17 23:43:02', 'phpBdK8db_5440987780982.png', 'Torbica Glitz Sunshine za Samsung N950F Note 8'),
(505, '2017-11-17 23:45:39', '2017-11-17 23:45:39', 'phppacdgR_5440988346339.png', 'Torbica Glitz Sunshine za Samsung N950F Note 8 '),
(506, '2017-11-17 23:47:24', '2017-11-17 23:47:24', 'phpEcmJRj_5440988724444.png', 'Torbica Glitz Sunshine za Samsung N950F Note 8 '),
(507, '2017-11-17 23:48:54', '2017-11-17 23:48:54', 'phptEP9dQ_5440989048534.png', 'Torbica Glitz Sunshine za Samsung N950F Note 8 '),
(508, '2017-11-17 23:50:38', '2017-11-17 23:50:38', 'php9D6Wph_5440989423038.png', 'Torbica Glitz Sunshine za Samsung N950F Note 8 '),
(509, '2017-11-17 23:52:03', '2017-11-17 23:52:03', 'phptjYARs_5440989729123.png', 'Torbica Glitz za Samsung A310F Galaxy A3 2016'),
(510, '2017-11-17 23:54:10', '2017-11-17 23:54:10', 'phpDkPHfh_5440990186450.png', 'Torbica Glitz za Samsung A320F Galaxy A3 2017'),
(511, '2017-11-17 23:56:13', '2017-11-17 23:56:13', 'phpx16u2Q_5440990629373.png', 'Torbica Glitz za Samsung A510F Galaxy A5 2016'),
(512, '2017-11-17 23:57:53', '2017-11-17 23:57:53', 'phpBNVDeZ_5440990989473.png', 'Torbica Glitz za Samsung A520F Galaxy A5 2017'),
(513, '2017-11-17 23:59:42', '2017-11-17 23:59:42', 'phpsYpFhJ_5440991381982.png', 'Torbica Glitz za Samsung A720F Galaxy A7 2017 '),
(514, '2017-11-18 00:01:50', '2017-11-18 00:01:50', 'php6zLZRA_5440991839310.png', 'Torbica Glitz za Samsung G930 S7'),
(515, '2017-11-18 00:03:36', '2017-11-18 00:03:36', 'phpjINxu5_5440992221016.png', 'Torbica Glitz za Samsung G935 S7 Edge'),
(516, '2017-11-18 00:05:33', '2017-11-18 00:05:33', 'phpLicIkh_5440992642333.png', 'Torbica Glitz za Samsung G950 S8'),
(517, '2017-11-18 00:06:59', '2017-11-18 00:06:59', 'php01mpLA_5440992952019.png', 'Torbica Glitz za Samsung G955 S8 Plus '),
(518, '2017-11-18 00:08:55', '2017-11-18 00:08:55', 'phpDNQUvH_5440993369735.png', 'Torbica Glitz za Samsung J320F Galaxy J3 2016 '),
(519, '2017-11-18 00:11:19', '2017-11-18 00:11:19', 'phpVEBtHx_5440993888279.png', 'Torbica Glitz za Samsung J330F Galaxy J3 2017 '),
(520, '2017-11-18 00:13:02', '2017-11-18 00:13:02', 'phprEQLBS_5440994259182.png', 'Torbica Glitz za Samsung J510F Galaxy J5 2016'),
(521, '2017-11-18 00:14:27', '2017-11-18 00:14:27', 'phpcDjk96_5440994565267.png', 'Torbica Glitz za Samsung J530F Galaxy J5 2017'),
(522, '2017-11-18 00:17:04', '2017-11-18 00:17:04', 'phpeyPEdK_5440995130624.png', 'Torbica Glitz za Samsung J710F Galaxy J7 2016 '),
(523, '2017-11-18 00:19:47', '2017-11-18 00:19:47', 'phpD16GQN_5440995717587.png', 'Torbica Glitz za Samsung J730F Galaxy J7 2017'),
(524, '2017-11-18 09:24:52', '2017-11-18 09:24:52', 'phpZix1oj_5441113455892.png', 'Torbica Teracell Skin za Meizu MX5'),
(525, '2017-11-18 11:44:52', '2017-11-18 11:44:52', 'phpHB6gqH_5441143697092.jpeg', 'Torbica Teracell Skin za Motorola XT1793 Moto G5S '),
(526, '2017-11-18 11:45:27', '2017-11-18 11:45:27', 'phpS3mO2Q_5441143823127.jpeg', 'Torbica Teracell Skin za Motorola XT1685 Moto G5S Plus'),
(527, '2017-11-18 11:46:13', '2017-11-18 11:46:13', 'phpHO0nsH_5441143988773.jpeg', 'Torbica Teracell Skin za Motorola Moto Z2 Play'),
(528, '2017-11-18 11:46:52', '2017-11-18 11:46:52', 'phpoqL225_5441144129212.jpeg', 'Torbica Teracell Skin za Motorola Moto E4 Plus '),
(529, '2017-11-18 11:47:33', '2017-11-18 11:47:33', 'php0DipeC_5441144276853.jpeg', 'Torbica Teracell Skin za Motorola Moto X '),
(530, '2017-11-18 11:55:08', '2017-11-18 11:55:08', 'phpMhthGA_5441145915308.jpeg', 'Torbica Teracell Skin za Motorola Moto G4 '),
(531, '2017-11-18 11:56:05', '2017-11-18 11:56:05', 'phpxDnuC2_5441146120565.jpeg', 'Torbica Teracell Skin za Motorola Moto G3'),
(532, '2017-11-18 11:56:45', '2017-11-18 11:56:45', 'phpNWLgFx_5441146264605.jpeg', 'Torbica Teracell Skin za Motorola Moto G2'),
(533, '2017-11-18 12:31:21', '2017-11-18 12:31:21', 'php00Bfh9_5441153736681.jpeg', 'Torbica Teracell Skin za Sony Xperia C5 Ultra/E5553 '),
(534, '2017-11-18 12:33:13', '2017-11-18 12:33:13', 'phpAx7Mu1_5441154139993.jpeg', 'Torbica Teracell Skin za Sony Xperia E1/D2005 '),
(535, '2017-11-18 12:34:37', '2017-11-18 12:34:37', 'phpakeiFb_5441154442477.jpeg', 'Torbica Teracell Skin za Sony Xperia E3/D2203'),
(536, '2017-11-18 12:37:02', '2017-11-18 12:37:02', 'phpaTFgO8_5441154964622.jpeg', 'Torbica Teracell Skin za Sony Xperia E4/E2105'),
(537, '2017-11-18 12:39:12', '2017-11-18 12:39:12', 'php4lg2e6_5441155432752.jpeg', 'Torbica Teracell Skin za Sony Xperia E4g/E2003 '),
(538, '2017-11-18 12:43:39', '2017-11-18 12:43:39', 'php4fpNOw_5441156394219.jpeg', 'Torbica Teracell Skin za Sony Xperia E5 '),
(539, '2017-11-18 12:47:57', '2017-11-18 12:47:57', 'phpS2IKFn_5441157323277.jpeg', 'Torbica Teracell Skin za Sony Xperia L1 '),
(540, '2017-11-18 12:50:02', '2017-11-18 12:50:02', 'phpHdK173_5441157773402.jpeg', 'Torbica Teracell Skin za Sony Xperia M2/D2305 '),
(541, '2017-11-18 12:51:26', '2017-11-18 12:51:26', 'phpki3oWc_5441158075886.jpeg', 'Torbica Teracell Skin za Nokia 3'),
(542, '2017-11-18 12:51:50', '2017-11-18 12:51:50', 'phpmy7sSH_5441158162310.jpeg', 'Torbica Teracell Skin za Sony Xperia M4 Aqua/E2303 '),
(543, '2017-11-18 12:52:38', '2017-11-18 12:52:38', 'phpW5vf1D_5441158335158.jpeg', 'Torbica Teracell Skin za Nokia 5'),
(544, '2017-11-18 12:53:05', '2017-11-18 12:53:05', 'phpX1sfAk_5441158432385.jpeg', 'Torbica Teracell Skin za Nokia 6'),
(545, '2017-11-18 12:53:26', '2017-11-18 12:53:26', 'php0T5C0B_5441158508006.jpeg', 'Teracell Skin za Sony Xperia M5/E5653 '),
(546, '2017-11-18 12:53:40', '2017-11-18 12:53:40', 'phpbDhBds_5441158558420.jpeg', 'Torbica Teracell Skin za Nokia 8'),
(547, '2017-11-18 12:55:12', '2017-11-18 12:55:12', 'phpPAPRP5_5441158889712.jpeg', 'Torbica Teracell Skin za Sony Xperia T2 Ultra/D5303/D5322 '),
(548, '2017-11-18 12:56:31', '2017-11-18 12:56:31', 'phpOeJlPZ_5441159174191.jpeg', 'Torbica Teracell Skin za Sony Xperia T3/D5103 '),
(549, '2017-11-18 12:57:51', '2017-11-18 12:57:51', 'phpFWzYWU_5441159462271.jpeg', 'Torbica Teracell Skin za Sony Xperia X'),
(550, '2017-11-18 12:58:51', '2017-11-18 12:58:51', 'phpQinhtz_5441159678331.jpeg', 'Torbica Teracell Skin za Sony Xperia XA'),
(551, '2017-11-18 13:00:00', '2017-11-18 13:00:00', 'phpqgEhIN_5441159923200.jpeg', 'Torbica Teracell Skin za Sony Xperia XA Ultra '),
(552, '2017-11-18 13:02:28', '2017-11-18 13:02:28', 'php0dABdU_5441160456148.jpeg', 'Torbica Teracell Skin za Sony Xperia XA1'),
(553, '2017-11-18 13:03:24', '2017-11-18 13:03:24', 'phpD9iXxl_5441160657804.jpeg', 'Torbica Teracell Skin za Sony Xperia XA1 Ultra'),
(554, '2017-11-18 13:04:38', '2017-11-18 13:04:38', 'phpjBbk4S_5441160924278.jpeg', 'Torbica Teracell Skin za Sony Xperia XZ'),
(555, '2017-11-18 13:05:30', '2017-11-18 13:05:30', 'phpuIUHO5_5441161111530.png', 'Torbica Teracell Skin za Meizu MX6'),
(556, '2017-11-18 13:05:44', '2017-11-18 13:05:44', 'phpxUsGrZ_5441161161944.jpeg', 'Torbica Teracell Skin za Sony Xperia XZ'),
(557, '2017-11-18 13:06:43', '2017-11-18 13:06:43', 'phpKkLY4A_5441161374403.jpeg', 'Torbica Teracell Skin za Sony Xperia XZ1'),
(558, '2017-11-18 13:07:55', '2017-11-18 13:07:55', 'phpX3Sbv2_5441161633675.jpeg', 'Torbica Teracell Skin za Sony Xperia Z1/L39H/C6906 '),
(559, '2017-11-18 13:09:04', '2017-11-18 13:09:04', 'phpsoT3jg_5441161882144.jpeg', 'Torbica Teracell Skin za Sony Xperia Z2/D6503/D6502'),
(560, '2017-11-18 13:10:18', '2017-11-18 13:10:18', 'php1xSJCN_5441162148618.jpeg', 'Torbica Teracell Skin za Sony Xperia Z3 Compact/Z3 mini/D508X'),
(561, '2017-11-18 13:11:10', '2017-11-18 13:11:10', 'phpDbV3xZ_5441162335870.jpeg', 'Torbica Teracell Skin za Sony Xperia Z3/D6653'),
(562, '2017-11-18 13:12:27', '2017-11-18 13:12:27', 'phptChFyK_5441162613147.jpeg', 'Torbica Teracell Skin za Sony Xperia Z4/E6653 '),
(563, '2017-11-18 13:13:23', '2017-11-18 13:13:23', 'phpw0HZyd_5441162814803.jpeg', 'Torbica Teracell Skin za Sony Xperia Z5 Compact E5803 '),
(564, '2017-11-18 13:13:32', '2017-11-18 13:13:32', 'phpIno2zJ_5441162847212.jpeg', 'Torbica Teracell Skin za Meizu M1 Note'),
(565, '2017-11-18 13:14:05', '2017-11-18 13:14:05', 'php03LbvN_5441162966045.jpeg', 'Torbica Teracell Skin za Meizu M2 Note'),
(566, '2017-11-18 13:14:28', '2017-11-18 13:14:28', 'phpIrQOQb_5441163048868.jpeg', 'Torbica Teracell Skin za Sony Xperia Z5 Premium E6853'),
(567, '2017-11-18 13:16:01', '2017-11-18 13:16:01', 'phpbW58vU_5441163383761.jpeg', 'Torbica Teracell Skin za Sony Xperia Z5/E6603'),
(568, '2017-11-18 13:28:46', '2017-11-18 13:28:46', 'php9vIrkX_5441166138526.jpeg', 'Torbica Teracell Skin za Nokia 2'),
(569, '2017-11-18 13:31:01', '2017-11-18 13:31:01', 'phpVEnT9d_5441166624661.jpeg', 'Torbica Teracell Skin za Lenovo Moto G5 Plus '),
(570, '2017-11-18 13:36:49', '2017-11-18 13:36:49', 'phpq6Mh5D_5441167877809.png', 'Torbica Teracell Skin za Tesla smartphone 3.1 Lite/3.2 Lite '),
(571, '2017-11-18 13:39:22', '2017-11-18 13:39:22', 'phpmgXhI2_5441168428762.png', 'Torbica Teracell Skin za Tesla smartphone 3.1 Lite/3.2 Lite '),
(572, '2017-11-18 13:40:55', '2017-11-18 13:40:55', 'phpScRcJJ_5441168763655.png', 'Torbica Teracell Skin za Tesla smartphone 3.3'),
(573, '2017-11-18 13:46:45', '2017-11-18 13:46:45', 'phpvSwzHg_5441170024005.png', 'Torbica Teracell Skin za Tesla smartphone 3.3 '),
(574, '2017-11-18 13:48:27', '2017-11-18 13:48:27', 'phpz0JRhy_5441170391307.jpeg', 'Torbica Teracell Skin za Xiaomi 6'),
(575, '2017-11-18 13:48:28', '2017-11-18 13:48:28', 'phpWRfW4z_5441170394908.png', 'Torbica Teracell Skin za Tesla smartphone 6.2'),
(576, '2017-11-18 13:50:22', '2017-11-18 13:50:22', 'phpYes4qz_5441170801821.png', 'Torbica Teracell Skin za Tesla smartphone 6.2 '),
(577, '2017-11-18 13:52:56', '2017-11-18 13:52:56', 'phpBJfrS3_5441171359976.png', 'Torbica Teracell Skin za Tesla smartphone 6.3'),
(578, '2017-11-18 13:54:15', '2017-11-18 13:54:15', 'phpkxniUW_5441171644455.jpeg', 'Torbica Teracell Skin za Xiaomi Max 2'),
(579, '2017-11-18 13:54:37', '2017-11-18 13:54:37', 'php77Wd3h_5441171723677.jpeg', 'Torbica Teracell Skin za Xiaomi Max '),
(580, '2017-11-18 13:55:33', '2017-11-18 13:55:33', 'phpk3Yt8I_5441171925333.jpeg', 'Torbica Teracell Skin za Xiaomi Mi 4'),
(581, '2017-11-18 13:56:13', '2017-11-18 13:56:13', 'phpoZrnpb_5441172069373.jpeg', 'Torbica Teracell Skin za Xiaomi Mi 5s'),
(582, '2017-11-18 13:56:40', '2017-11-18 13:56:40', 'php1XMgdP_5441172166600.jpeg', 'Torbica Teracell Skin za Xiaomi Mi 5s Plus'),
(583, '2017-11-18 13:57:07', '2017-11-18 13:57:07', 'php1qTcLu_5441172263827.jpeg', 'Torbica Teracell Skin za Xiaomi Redmi 2'),
(584, '2017-11-18 13:57:36', '2017-11-18 13:57:36', 'phpYh21Ug_5441172368256.jpeg', 'Torbica Teracell Skin za Xiaomi Redmi 3'),
(585, '2017-11-18 14:05:54', '2017-11-18 14:05:54', 'phpgoK7MR_5441174157954.jpeg', 'Torbica Teracell Skin za Xiaomi Redmi 4 '),
(586, '2017-11-18 14:06:16', '2017-11-18 14:06:16', 'phpLo1tvg_5441174237176.jpeg', 'Torbica Teracell Skin za Xiaomi Redmi 4A '),
(587, '2017-11-18 14:06:37', '2017-11-18 14:06:37', 'phpWLRpQw_5441174312797.jpeg', 'Torbica Teracell Skin za Xiaomi Redmi 4X '),
(588, '2017-11-18 14:07:04', '2017-11-18 14:07:04', 'php5ztTjb_5441174410024.jpeg', 'Torbica Teracell Skin za Xiaomi Redmi Note 2 '),
(589, '2017-11-18 14:07:44', '2017-11-18 14:07:44', 'phppfSidD_5441174554064.jpeg', 'Torbica Teracell Skin za Xiaomi Redmi Note 4X '),
(590, '2017-11-18 14:08:13', '2017-11-18 14:08:13', 'phpN45uLs_5441174658493.jpeg', 'Torbica Teracell Skin za Xiaomi Redmi Note 4 '),
(591, '2017-11-18 14:14:44', '2017-11-18 14:14:44', 'phppo6tJs_5441176066484.jpeg', 'Torbica Teracell Skin za Xiaomi Redmi Note '),
(592, '2017-11-18 14:20:48', '2017-11-18 14:20:48', 'phpMM25QR_5441177377248.png', 'Torbica Teracell Skin za Tesla smartphone 6.3 '),
(593, '2017-11-18 14:23:53', '2017-11-18 14:23:53', 'phpwcP8Tc_5441178043433.png', 'Torbica Teracell Skin za Tesla smartphone 9.1'),
(594, '2017-11-18 14:25:25', '2017-11-18 14:25:25', 'phpUSqLiU_5441178374725.png', 'Torbica Teracell Skin za Tesla smartphone 9.1 ');
INSERT INTO `pictures` (`id`, `created_at`, `updated_at`, `file`, `alt`) VALUES
(595, '2017-11-18 15:52:02', '2017-11-18 15:52:02', 'phpcG8vUk_5441197085522.jpeg', 'Zaštitno staklo za Acer Liquid Zest Z525/Z528'),
(596, '2017-11-18 16:12:02', '2017-11-18 16:12:02', 'phpomkug9_5441201403122.jpeg', 'Zaštitno staklo za Acer Liquid Zest Z525/Z528'),
(597, '2017-11-18 16:14:36', '2017-11-18 16:14:36', 'phpHJZljB_5441201957676.jpeg', 'Zaštitno staklo za Alcatel A30 plus'),
(598, '2017-11-18 16:16:10', '2017-11-18 16:16:10', 'phpG29H9o_5441202296170.jpeg', 'Zaštitno staklo za Alcatel A3'),
(599, '2017-11-18 16:17:19', '2017-11-18 16:17:19', 'phpM0TmlB_5441202544639.jpeg', 'Zaštitno staklo za Alcatel A5 LED'),
(600, '2017-11-18 16:18:17', '2017-11-18 16:18:17', 'phpZWNuTa_5441202753497.jpeg', 'Zaštitno staklo za Alcatel Pixi 4 Plus Power/5023F'),
(601, '2017-11-18 16:24:03', '2017-11-18 16:24:03', 'phpLNJimr_5441203999443.jpeg', 'Zaštitno staklo za Acer Liquid Zest Z525/Z528'),
(602, '2017-11-18 16:27:38', '2017-11-18 16:27:38', 'phpahzJuF_5441204773658.jpeg', 'Tempered glass za Meizu M1 Note'),
(603, '2017-11-18 16:28:06', '2017-11-18 16:28:06', 'phpzfCZBp_5441204874486.jpeg', 'Tempered glass za Meizu MX4'),
(604, '2017-11-18 16:28:33', '2017-11-18 16:28:33', 'phpLaN1T1_5441204971713.jpeg', 'Tempered glass za Meizu MX5'),
(605, '2017-11-18 16:28:45', '2017-11-18 16:28:45', 'php9K7JwM_5441205014925.jpeg', 'Tempered glass za Meizu Pro 6'),
(606, '2017-11-18 16:31:14', '2017-11-18 16:31:14', 'phpPSH3OV_5441205551474.jpeg', 'Tempered glass za Motorola XT1793 Moto G5S'),
(607, '2017-11-18 16:31:30', '2017-11-18 16:31:30', 'phpXLyFBX_5441205609090.jpeg', 'Tempered glass za Motorola Moto Z2 Play'),
(608, '2017-11-18 16:31:46', '2017-11-18 16:31:46', 'phpN4T5FV_5441205666706.jpeg', 'Tempered glass za Motorola Moto E4 Plus '),
(609, '2017-11-18 16:32:02', '2017-11-18 16:32:02', 'phpMKDQlT_5441205724322.jpeg', 'Tempered glass za Motorola Moto Z Play'),
(610, '2017-11-18 16:32:56', '2017-11-18 16:32:56', 'phpNFdNqe_5441205918776.jpeg', 'Tempered glass za Motorola Moto Z'),
(611, '2017-11-18 16:49:00', '2017-11-18 16:49:00', 'phpCpWUWu_5441209390140.jpeg', 'Zaštitno staklo za Acer Liquid Zest Z525/Z528'),
(612, '2017-11-18 17:13:54', '2017-11-18 17:13:54', 'phpCdmk7l_5441214766434.jpeg', 'Zaštitno staklo'),
(613, '2017-11-18 17:18:25', '2017-11-18 17:18:25', 'php63sIJY_5441215742305.jpeg', 'Zaštitno staklo za Alcatel A3'),
(614, '2017-11-18 17:21:10', '2017-11-18 17:21:10', 'phpPaGDu9_5441216336470.jpeg', 'Zaštino staklo za Meizu M1 Note'),
(615, '2017-11-18 17:22:06', '2017-11-18 17:22:06', 'phpugs1iB_5441216538126.jpeg', 'Zaštino staklo za Meizu MX4'),
(616, '2017-11-18 17:22:12', '2017-11-18 17:22:12', 'phpcCikLX_5441216559732.jpeg', 'Zaštitno staklo za Alcatel A30 plus'),
(617, '2017-11-18 17:22:23', '2017-11-18 17:22:23', 'phptNprlC_5441216599343.jpeg', 'Zaštino staklo za Meizu MX5'),
(618, '2017-11-18 17:22:40', '2017-11-18 17:22:40', 'phpJW3wMG_5441216660560.jpeg', 'Zaštino staklo za Meizu Pro 6'),
(619, '2017-11-18 17:23:30', '2017-11-18 17:23:30', 'phpXCgoxJ_5441216840610.jpeg', 'Zaštino staklo za MobiWire Kaya'),
(620, '2017-11-18 17:23:37', '2017-11-18 17:23:37', 'php140d0a_5441216865817.jpeg', 'Zaštitno staklo za Alcatel A5 LED'),
(621, '2017-11-18 17:24:41', '2017-11-18 17:24:41', 'phpobOuJ7_5441217096281.jpeg', 'Zaštino staklo za Motorola Moto E4 Plus '),
(622, '2017-11-18 17:25:31', '2017-11-18 17:25:31', 'php8JeLQb_5441217276331.jpeg', 'Zaštino staklo za Motorola Moto X Play'),
(623, '2017-11-18 17:25:51', '2017-11-18 17:25:51', 'phpARwgDn_5441217348351.jpeg', 'Zaštino staklo za Motorola Moto Z'),
(624, '2017-11-18 17:26:13', '2017-11-18 17:26:13', 'phpuRLqiM_5441217427573.jpeg', 'Zaštitno staklo  za Alcatel OT Idol 3 4.7/6039Y'),
(625, '2017-11-18 17:26:25', '2017-11-18 17:26:25', 'php7zajlv_5441217470785.jpeg', 'Zaštino staklo za Motorola Moto Z Play'),
(626, '2017-11-18 17:27:04', '2017-11-18 17:27:04', 'phpF0vfcT_5441217611224.jpeg', 'Zaštino staklo za Motorola Moto Z2 Play'),
(627, '2017-11-18 17:27:37', '2017-11-18 17:27:37', 'phpK5WMeU_5441217730057.jpeg', 'Zaštino staklo za Motorola XT1793 Moto G5S'),
(628, '2017-11-18 17:30:01', '2017-11-18 17:30:01', 'php9HjIjK_5441218248601.jpeg', 'Zaštino staklo za Nokia 3'),
(629, '2017-11-18 17:31:00', '2017-11-18 17:31:00', 'phpyLWmXp_5441218461060.jpeg', 'Zaštino staklo za Nokia 5'),
(630, '2017-11-18 17:31:23', '2017-11-18 17:31:23', 'phpPBKtKM_5441218543883.jpeg', 'Zaštino staklo za Nokia 6'),
(631, '2017-11-18 17:32:43', '2017-11-18 17:32:43', 'php3UcUhL_5441218831963.jpeg', 'Zaštitno staklo za Alcatel OT Idol 3 5.5/6045Y'),
(632, '2017-11-18 17:49:30', '2017-11-18 17:49:30', 'phpx0Jt9C_5441222458170.jpeg', 'Zaštino staklo za Samsung A320F Galaxy A3 2017'),
(633, '2017-11-18 17:49:32', '2017-11-18 17:49:32', 'php8W5mPJ_5441222465372.jpeg', 'Zaštitno staklo za Alcatel OT Idol 4/6055'),
(634, '2017-11-18 17:49:36', '2017-11-18 17:49:36', 'php3m9151_5441222479776.jpeg', 'Zaštitno staklo za Alcatel OT Idol 4/6055'),
(635, '2017-11-18 17:50:11', '2017-11-18 17:50:11', 'phpO8OBJ8_5441222605811.jpeg', 'Zaštino staklo za Samsung A310F Galaxy A3 2016'),
(636, '2017-11-18 17:51:36', '2017-11-18 17:51:36', 'phpjxilOn_5441222911896.jpeg', 'Zaštitno staklo za za Samsung A500F Galaxy A5'),
(637, '2017-11-18 17:52:14', '2017-11-18 17:52:14', 'phpMoHIRG_5441223048734.jpeg', 'Zaštitno staklo za Samsung A510F Galaxy A5 2016'),
(638, '2017-11-18 17:52:19', '2017-11-18 17:52:19', 'php4ci561_5441223066739.jpeg', 'Zaštitno staklo za Alcatel OT Idol 4S/6070'),
(639, '2017-11-18 17:52:38', '2017-11-18 17:52:38', 'php7Ktsxc_5441223135158.jpeg', 'Zaštitno staklo  za Samsung A520F Galaxy A5 2017'),
(640, '2017-11-18 17:53:11', '2017-11-18 17:53:11', 'php38j56c_5441223253991.jpeg', 'Zaštitno staklo za Alcatel OT Pixi 3 3.5/4009X'),
(641, '2017-11-18 17:53:28', '2017-11-18 17:53:28', 'phpZC9nWf_5441223315208.jpeg', 'Zaštitno staklo za Samsung A700F Galaxy A7'),
(642, '2017-11-18 17:54:00', '2017-11-18 17:54:00', 'phpUv2RTf_5441223430440.jpeg', 'Zaštitno staklo za  Alcatel OT Pixi 3 4.0/4013X'),
(643, '2017-11-18 17:54:05', '2017-11-18 17:54:05', 'phpYhjiby_5441223448445.jpeg', 'Zaštitno staklo za Samsung A720F Galaxy A7 2017'),
(644, '2017-11-18 17:55:05', '2017-11-18 17:55:05', 'phpNDZege_5441223664505.jpeg', 'Zaštitno staklo za Samsung A800F Galaxy A8'),
(645, '2017-11-18 17:55:07', '2017-11-18 17:55:07', 'phpQlKFem_5441223671707.jpeg', 'Zaštitno staklo za Alcatel OT Pixi 3 4.5/4027X'),
(646, '2017-11-18 17:55:31', '2017-11-18 17:55:31', 'phpYZHYGQ_5441223758131.jpeg', 'Zaštitno staklo za Samsung A900F Galaxy A9'),
(647, '2017-11-18 17:55:44', '2017-11-18 17:55:44', 'phpTZI7xC_5441223804944.jpeg', 'Zaštitno staklo za  Alcatel OT Pixi 4 4.0/4034X'),
(648, '2017-11-18 17:55:53', '2017-11-18 17:55:53', 'phpH9YNkc_5441223837353.jpeg', 'Zaštitno staklo za Samsung E500F Galaxy E5'),
(649, '2017-11-18 17:56:34', '2017-11-18 17:56:34', 'phpEaXFwG_5441223984994.jpeg', 'Zaštitno staklo za Samsung G530H Grand Prime'),
(650, '2017-11-18 17:57:04', '2017-11-18 17:57:04', 'phpzrWjpx_5441224093024.jpeg', 'Zaštitno staklo za Samsung G570F Galaxy J5 Prime'),
(651, '2017-11-18 17:57:23', '2017-11-18 17:57:23', 'phptngSyH_5441224161443.jpeg', 'Zaštitno staklo za Alcatel OT Pixi 4 5.0/5010/5045X/U5'),
(652, '2017-11-18 17:57:58', '2017-11-18 17:57:58', 'phpwoeisS_5441224287478.jpeg', 'Zaštitno staklo za  Alcatel OT Pixi 4 6.0 3G/8050D'),
(653, '2017-11-18 17:58:35', '2017-11-18 17:58:35', 'phpBBrr36_5441224420715.jpeg', 'Zaštitno staklo za Samsung G610F Galaxy J7 Prime'),
(654, '2017-11-18 17:58:45', '2017-11-18 17:58:45', 'phpeZmq2K_5441224456725.jpeg', 'Zaštitno staklo za  Alcatel OT Pixi 6/9091X'),
(655, '2017-11-18 17:59:09', '2017-11-18 17:59:09', 'php850PNe_5441224543149.jpeg', 'Zaštitno staklo za Alcatel OT Pop 3 5.0/5015D'),
(656, '2017-11-18 17:59:39', '2017-11-18 17:59:39', 'phpMXEpP4_5441224651179.jpeg', 'Zaštitno staklo za  Alcatel OT Pop 3 5.5/5025D'),
(657, '2017-11-18 18:00:12', '2017-11-18 18:00:12', 'phpcXmWn4_5441224766412.jpeg', 'Zaštitno staklo za Alcatel OT Pop 4/5051X'),
(658, '2017-11-18 18:00:14', '2017-11-18 18:00:14', 'phpiKUHPf_5441224773614.jpeg', 'Zaštitno staklo za Samsung Galaxy C5'),
(659, '2017-11-18 18:00:33', '2017-11-18 18:00:33', 'phpzff6Wn_5441224842033.jpeg', 'Zaštitno staklo za Samsung Galaxy C7'),
(660, '2017-11-18 18:00:58', '2017-11-18 18:00:58', 'phpkWLbsV_5441224932058.jpeg', 'Zaštitno staklo za Samsung Galaxy C9 Pro'),
(661, '2017-11-18 18:01:25', '2017-11-18 18:01:25', 'phpAMvZwz_5441225029285.jpeg', 'Zaštitno staklo za Samsung Galaxy J3 Pro'),
(662, '2017-11-18 18:02:18', '2017-11-18 18:02:18', 'phprpryZO_5441225220138.jpeg', 'Zaštitno staklo za Samsung J120F Galaxy J1 2016');

-- --------------------------------------------------------

--
-- Table structure for table `prices`
--

CREATE TABLE `prices` (
  `id` int(10) UNSIGNED NOT NULL,
  `created_at` timestamp NULL DEFAULT NULL,
  `updated_at` timestamp NULL DEFAULT NULL,
  `product_id` int(10) UNSIGNED NOT NULL,
  `price` int(11) NOT NULL,
  `is_offer` tinyint(1) NOT NULL DEFAULT '0'
) ENGINE=InnoDB DEFAULT CHARSET=utf8mb4 COLLATE=utf8mb4_unicode_ci;

--
-- Dumping data for table `prices`
--

INSERT INTO `prices` (`id`, `created_at`, `updated_at`, `product_id`, `price`, `is_offer`) VALUES
(218, '2017-11-15 23:22:00', '2017-11-15 23:22:00', 200, 1234, 0),
(219, '2017-11-15 23:22:20', '2017-11-15 23:22:20', 201, 1234, 1),
(220, '2017-11-15 23:23:01', '2017-11-15 23:23:01', 202, 1234, 1),
(221, '2017-11-15 23:44:32', '2017-11-15 23:44:32', 203, 1231, 0),
(222, '2017-11-15 23:45:01', '2017-11-15 23:45:01', 204, 1234, 0),
(223, '2017-11-15 23:45:13', '2017-11-15 23:45:13', 205, 1234, 0),
(224, '2017-11-15 23:45:21', '2017-11-15 23:45:21', 206, 1234, 0),
(225, '2017-11-15 23:45:28', '2017-11-15 23:45:28', 207, 1234, 0),
(226, '2017-11-15 23:45:41', '2017-11-15 23:45:41', 208, 1234, 0),
(227, '2017-11-15 23:45:50', '2017-11-15 23:45:50', 209, 1234, 0),
(228, '2017-11-15 23:45:58', '2017-11-15 23:45:58', 210, 1234, 0),
(229, '2017-11-15 23:46:10', '2017-11-15 23:46:10', 211, 1234, 0),
(230, '2017-11-15 23:46:17', '2017-11-15 23:46:17', 212, 1234, 0),
(231, '2017-11-15 23:46:28', '2017-11-15 23:46:28', 213, 1234, 0),
(232, '2017-11-15 23:46:35', '2017-11-15 23:46:35', 214, 1234, 0),
(233, '2017-11-15 23:46:44', '2017-11-15 23:46:44', 215, 1234, 0),
(234, '2017-11-15 23:46:49', '2017-11-15 23:46:49', 216, 1234, 0),
(235, '2017-11-15 23:46:54', '2017-11-15 23:46:54', 217, 1234, 0),
(236, '2017-11-15 23:47:04', '2017-11-15 23:47:04', 218, 1234, 0),
(237, '2017-11-15 23:47:21', '2017-11-15 23:47:21', 219, 1234, 0),
(238, '2017-11-15 23:47:29', '2017-11-15 23:47:29', 220, 1234, 0),
(239, '2017-11-16 01:03:47', '2017-11-16 01:03:47', 200, 12341, 0),
(240, '2017-11-16 01:23:22', '2017-11-16 01:23:22', 209, 1234, 0),
(241, '2017-11-16 01:24:10', '2017-11-16 01:24:10', 209, 1234, 0),
(242, '2017-11-16 01:31:18', '2017-11-16 01:31:18', 200, 12341, 0),
(243, '2017-11-16 01:33:36', '2017-11-16 01:33:36', 200, 12341, 0),
(244, '2017-11-16 01:33:50', '2017-11-16 01:33:50', 201, 1234, 1),
(245, '2017-11-16 01:44:07', '2017-11-16 01:44:07', 201, 1234, 1),
(246, '2017-11-16 01:50:52', '2017-11-16 01:50:52', 201, 1234, 1),
(247, '2017-11-16 01:51:18', '2017-11-16 01:51:18', 201, 1234, 1),
(248, '2017-11-16 01:51:46', '2017-11-16 01:51:46', 201, 1234, 1),
(249, '2017-11-16 01:52:18', '2017-11-16 01:52:18', 201, 1234, 1),
(250, '2017-11-16 01:53:24', '2017-11-16 01:53:24', 201, 1234, 1),
(251, '2017-11-16 01:54:07', '2017-11-16 01:54:07', 201, 1234, 1),
(252, '2017-11-16 01:56:43', '2017-11-16 01:56:43', 201, 1234, 1),
(253, '2017-11-16 01:56:59', '2017-11-16 01:56:59', 201, 1234, 1),
(254, '2017-11-16 08:51:39', '2017-11-16 08:51:39', 209, 1234, 0),
(255, '2017-11-17 09:42:10', '2017-11-17 09:42:10', 221, 599, 0),
(256, '2017-11-17 09:48:53', '2017-11-17 09:48:53', 222, 599, 0),
(257, '2017-11-17 09:50:52', '2017-11-17 09:50:52', 222, 599, 0),
(258, '2017-11-17 09:53:31', '2017-11-17 09:53:31', 223, 599, 0),
(259, '2017-11-17 09:55:31', '2017-11-17 09:55:31', 224, 599, 0),
(260, '2017-11-17 10:08:55', '2017-11-17 10:08:55', 225, 599, 0),
(261, '2017-11-17 10:21:09', '2017-11-17 10:21:09', 226, 599, 0),
(262, '2017-11-17 10:22:27', '2017-11-17 10:22:27', 224, 599, 0),
(263, '2017-11-17 10:25:41', '2017-11-17 10:25:41', 227, 599, 0),
(264, '2017-11-17 10:27:02', '2017-11-17 10:27:02', 228, 599, 0),
(265, '2017-11-17 10:31:12', '2017-11-17 10:31:12', 229, 599, 0),
(266, '2017-11-17 10:37:32', '2017-11-17 10:37:32', 230, 599, 0),
(267, '2017-11-17 10:39:56', '2017-11-17 10:39:56', 231, 599, 0),
(268, '2017-11-17 10:42:53', '2017-11-17 10:42:53', 221, 599, 0),
(269, '2017-11-17 10:43:21', '2017-11-17 10:43:21', 222, 599, 0),
(270, '2017-11-17 10:43:29', '2017-11-17 10:43:29', 223, 599, 0),
(271, '2017-11-17 10:43:39', '2017-11-17 10:43:39', 224, 599, 0),
(272, '2017-11-17 10:43:46', '2017-11-17 10:43:46', 225, 599, 0),
(273, '2017-11-17 10:43:59', '2017-11-17 10:43:59', 226, 599, 0),
(274, '2017-11-17 10:44:12', '2017-11-17 10:44:12', 227, 599, 0),
(275, '2017-11-17 10:44:21', '2017-11-17 10:44:21', 228, 599, 0),
(276, '2017-11-17 10:44:26', '2017-11-17 10:44:26', 229, 599, 0),
(277, '2017-11-17 10:44:32', '2017-11-17 10:44:32', 230, 599, 0),
(278, '2017-11-17 10:44:39', '2017-11-17 10:44:39', 231, 599, 0),
(279, '2017-11-17 10:44:40', '2017-11-17 10:44:40', 231, 599, 0),
(280, '2017-11-17 10:46:11', '2017-11-17 10:46:11', 221, 599, 0),
(281, '2017-11-17 10:46:15', '2017-11-17 10:46:15', 221, 599, 0),
(282, '2017-11-17 11:02:36', '2017-11-17 11:02:36', 232, 399, 0),
(283, '2017-11-17 11:05:25', '2017-11-17 11:05:25', 233, 399, 0),
(284, '2017-11-17 11:08:56', '2017-11-17 11:08:56', 234, 399, 0),
(285, '2017-11-17 11:10:44', '2017-11-17 11:10:44', 235, 399, 0),
(286, '2017-11-17 11:12:06', '2017-11-17 11:12:06', 236, 399, 0),
(287, '2017-11-17 11:13:44', '2017-11-17 11:13:44', 237, 399, 0),
(288, '2017-11-17 11:14:59', '2017-11-17 11:14:59', 238, 399, 0),
(289, '2017-11-17 11:23:57', '2017-11-17 11:23:57', 239, 399, 0),
(290, '2017-11-17 11:27:12', '2017-11-17 11:27:12', 240, 399, 0),
(291, '2017-11-17 11:39:20', '2017-11-17 11:39:20', 241, 399, 0),
(292, '2017-11-17 11:42:33', '2017-11-17 11:42:33', 242, 399, 0),
(293, '2017-11-17 11:44:16', '2017-11-17 11:44:16', 238, 399, 0),
(294, '2017-11-17 11:45:09', '2017-11-17 11:45:09', 232, 399, 0),
(295, '2017-11-17 11:45:21', '2017-11-17 11:45:21', 233, 399, 0),
(296, '2017-11-17 11:45:32', '2017-11-17 11:45:32', 234, 399, 0),
(297, '2017-11-17 11:45:34', '2017-11-17 11:45:34', 234, 399, 0),
(298, '2017-11-17 11:45:47', '2017-11-17 11:45:47', 235, 399, 0),
(299, '2017-11-17 11:46:18', '2017-11-17 11:46:18', 243, 399, 0),
(300, '2017-11-17 11:47:16', '2017-11-17 11:47:16', 236, 399, 0),
(301, '2017-11-17 11:47:23', '2017-11-17 11:47:23', 244, 399, 0),
(302, '2017-11-17 11:49:33', '2017-11-17 11:49:33', 245, 399, 0),
(303, '2017-11-17 11:59:23', '2017-11-17 11:59:23', 246, 399, 0),
(304, '2017-11-17 12:01:06', '2017-11-17 12:01:06', 247, 399, 0),
(305, '2017-11-17 12:02:31', '2017-11-17 12:02:31', 248, 399, 0),
(306, '2017-11-17 12:04:08', '2017-11-17 12:04:08', 249, 399, 0),
(307, '2017-11-17 12:05:35', '2017-11-17 12:05:35', 250, 399, 0),
(308, '2017-11-17 12:06:55', '2017-11-17 12:06:55', 251, 399, 0),
(309, '2017-11-17 12:07:20', '2017-11-17 12:07:20', 252, 399, 0),
(310, '2017-11-17 12:08:07', '2017-11-17 12:08:07', 253, 399, 0),
(311, '2017-11-17 12:11:57', '2017-11-17 12:11:57', 254, 399, 0),
(312, '2017-11-17 12:12:15', '2017-11-17 12:12:15', 255, 399, 0),
(313, '2017-11-17 12:12:37', '2017-11-17 12:12:37', 256, 399, 0),
(314, '2017-11-17 12:13:04', '2017-11-17 12:13:04', 257, 399, 0),
(315, '2017-11-17 12:14:33', '2017-11-17 12:14:33', 258, 399, 0),
(316, '2017-11-17 12:16:59', '2017-11-17 12:16:59', 259, 399, 0),
(317, '2017-11-17 12:17:59', '2017-11-17 12:17:59', 260, 399, 0),
(318, '2017-11-17 12:19:38', '2017-11-17 12:19:38', 261, 399, 0),
(319, '2017-11-17 12:20:49', '2017-11-17 12:20:49', 262, 399, 0),
(320, '2017-11-17 12:22:38', '2017-11-17 12:22:38', 263, 399, 0),
(321, '2017-11-17 12:23:53', '2017-11-17 12:23:53', 264, 399, 0),
(322, '2017-11-17 12:24:56', '2017-11-17 12:24:56', 265, 399, 0),
(323, '2017-11-17 12:25:16', '2017-11-17 12:25:16', 266, 399, 0),
(324, '2017-11-17 12:25:50', '2017-11-17 12:25:50', 267, 399, 0),
(325, '2017-11-17 12:26:13', '2017-11-17 12:26:13', 268, 399, 0),
(326, '2017-11-17 12:26:49', '2017-11-17 12:26:49', 269, 399, 0),
(327, '2017-11-17 12:28:38', '2017-11-17 12:28:38', 270, 399, 0),
(328, '2017-11-17 12:30:29', '2017-11-17 12:30:29', 271, 399, 0),
(329, '2017-11-17 12:31:41', '2017-11-17 12:31:41', 272, 399, 0),
(330, '2017-11-17 12:33:03', '2017-11-17 12:33:03', 273, 399, 0),
(331, '2017-11-17 12:33:34', '2017-11-17 12:33:34', 274, 399, 0),
(332, '2017-11-17 12:34:17', '2017-11-17 12:34:17', 275, 399, 0),
(333, '2017-11-17 12:34:57', '2017-11-17 12:34:57', 274, 399, 0),
(334, '2017-11-17 12:35:09', '2017-11-17 12:35:09', 274, 399, 0),
(335, '2017-11-17 12:35:42', '2017-11-17 12:35:42', 275, 399, 0),
(336, '2017-11-17 12:36:02', '2017-11-17 12:36:02', 273, 399, 0),
(337, '2017-11-17 12:36:20', '2017-11-17 12:36:20', 272, 399, 0),
(338, '2017-11-17 12:36:35', '2017-11-17 12:36:35', 270, 399, 0),
(339, '2017-11-17 12:37:46', '2017-11-17 12:37:46', 237, 399, 0),
(340, '2017-11-17 12:38:02', '2017-11-17 12:38:02', 237, 399, 0),
(341, '2017-11-17 12:38:23', '2017-11-17 12:38:23', 236, 399, 0),
(342, '2017-11-17 12:40:19', '2017-11-17 12:40:19', 271, 399, 0),
(343, '2017-11-17 12:40:32', '2017-11-17 12:40:32', 271, 399, 0),
(344, '2017-11-17 12:40:39', '2017-11-17 12:40:39', 276, 399, 0),
(345, '2017-11-17 12:40:47', '2017-11-17 12:40:47', 270, 399, 0),
(346, '2017-11-17 12:43:18', '2017-11-17 12:43:18', 270, 399, 0),
(347, '2017-11-17 12:43:58', '2017-11-17 12:43:58', 270, 399, 0),
(348, '2017-11-17 12:48:00', '2017-11-17 12:48:00', 277, 399, 0),
(349, '2017-11-17 12:48:12', '2017-11-17 12:48:12', 278, 399, 0),
(350, '2017-11-17 12:49:29', '2017-11-17 12:49:29', 279, 399, 0),
(351, '2017-11-17 12:57:42', '2017-11-17 12:57:42', 280, 399, 0),
(352, '2017-11-17 13:02:28', '2017-11-17 13:02:28', 281, 399, 0),
(353, '2017-11-17 13:03:29', '2017-11-17 13:03:29', 282, 399, 0),
(354, '2017-11-17 13:06:41', '2017-11-17 13:06:41', 283, 399, 0),
(355, '2017-11-17 13:06:52', '2017-11-17 13:06:52', 284, 399, 0),
(356, '2017-11-17 13:07:53', '2017-11-17 13:07:53', 285, 399, 0),
(357, '2017-11-17 13:08:13', '2017-11-17 13:08:13', 286, 399, 0),
(358, '2017-11-17 13:11:38', '2017-11-17 13:11:38', 287, 399, 0),
(359, '2017-11-17 13:22:48', '2017-11-17 13:22:48', 285, 399, 0),
(360, '2017-11-17 13:24:32', '2017-11-17 13:24:32', 288, 399, 0),
(361, '2017-11-17 13:30:36', '2017-11-17 13:30:36', 289, 399, 0),
(362, '2017-11-17 13:32:16', '2017-11-17 13:32:16', 290, 399, 0),
(363, '2017-11-17 13:32:55', '2017-11-17 13:32:55', 291, 399, 0),
(364, '2017-11-17 13:36:12', '2017-11-17 13:36:12', 292, 399, 0),
(365, '2017-11-17 13:37:30', '2017-11-17 13:37:30', 293, 399, 0),
(366, '2017-11-17 13:39:15', '2017-11-17 13:39:15', 294, 399, 0),
(367, '2017-11-17 13:39:42', '2017-11-17 13:39:42', 294, 399, 0),
(368, '2017-11-17 13:40:57', '2017-11-17 13:40:57', 295, 399, 0),
(369, '2017-11-17 13:43:44', '2017-11-17 13:43:44', 296, 399, 0),
(370, '2017-11-17 13:43:58', '2017-11-17 13:43:58', 297, 399, 0),
(371, '2017-11-17 13:46:46', '2017-11-17 13:46:46', 298, 399, 0),
(372, '2017-11-17 13:47:24', '2017-11-17 13:47:24', 299, 399, 0),
(373, '2017-11-17 13:56:43', '2017-11-17 13:56:43', 300, 399, 0),
(374, '2017-11-17 13:59:58', '2017-11-17 13:59:58', 301, 399, 0),
(375, '2017-11-17 14:02:06', '2017-11-17 14:02:06', 302, 399, 0),
(376, '2017-11-17 14:03:01', '2017-11-17 14:03:01', 303, 399, 0),
(377, '2017-11-17 14:06:00', '2017-11-17 14:06:00', 304, 399, 0),
(378, '2017-11-17 14:07:13', '2017-11-17 14:07:13', 305, 399, 0),
(379, '2017-11-17 14:07:41', '2017-11-17 14:07:41', 306, 399, 0),
(380, '2017-11-17 14:08:30', '2017-11-17 14:08:30', 307, 399, 0),
(381, '2017-11-17 14:09:20', '2017-11-17 14:09:20', 308, 399, 0),
(382, '2017-11-17 14:16:31', '2017-11-17 14:16:31', 309, 399, 0),
(383, '2017-11-17 14:16:34', '2017-11-17 14:16:34', 310, 399, 0),
(384, '2017-11-17 14:17:48', '2017-11-17 14:17:48', 311, 399, 0),
(385, '2017-11-17 14:18:56', '2017-11-17 14:18:56', 310, 399, 0),
(386, '2017-11-17 14:19:16', '2017-11-17 14:19:16', 311, 399, 0),
(387, '2017-11-17 14:19:24', '2017-11-17 14:19:24', 312, 399, 0),
(388, '2017-11-17 14:57:32', '2017-11-17 14:57:32', 313, 399, 0),
(389, '2017-11-17 15:02:31', '2017-11-17 15:02:31', 314, 399, 0),
(390, '2017-11-17 15:04:47', '2017-11-17 15:04:47', 315, 399, 0),
(391, '2017-11-17 15:05:36', '2017-11-17 15:05:36', 316, 399, 0),
(392, '2017-11-17 15:06:56', '2017-11-17 15:06:56', 317, 399, 0),
(393, '2017-11-17 17:01:13', '2017-11-17 17:01:13', 318, 140000, 1),
(394, '2017-11-17 17:20:04', '2017-11-17 17:20:04', 319, 699, 0),
(395, '2017-11-17 17:26:03', '2017-11-17 17:26:03', 320, 699, 0),
(396, '2017-11-17 17:28:42', '2017-11-17 17:28:42', 321, 699, 0),
(397, '2017-11-17 17:29:43', '2017-11-17 17:29:43', 320, 699, 0),
(398, '2017-11-17 17:30:10', '2017-11-17 17:30:10', 319, 699, 0),
(399, '2017-11-17 17:34:18', '2017-11-17 17:34:18', 322, 699, 0),
(400, '2017-11-17 17:35:16', '2017-11-17 17:35:16', 319, 699, 0),
(401, '2017-11-17 17:35:37', '2017-11-17 17:35:37', 320, 699, 0),
(402, '2017-11-17 17:36:07', '2017-11-17 17:36:07', 321, 699, 0),
(403, '2017-11-17 17:39:16', '2017-11-17 17:39:16', 323, 699, 0),
(404, '2017-11-17 17:41:54', '2017-11-17 17:41:54', 324, 699, 0),
(405, '2017-11-17 17:44:14', '2017-11-17 17:44:14', 325, 699, 0),
(406, '2017-11-17 17:45:36', '2017-11-17 17:45:36', 326, 699, 0),
(407, '2017-11-17 17:48:39', '2017-11-17 17:48:39', 327, 699, 0),
(408, '2017-11-17 17:53:09', '2017-11-17 17:53:09', 328, 699, 0),
(409, '2017-11-17 17:55:45', '2017-11-17 17:55:45', 329, 699, 0),
(410, '2017-11-17 17:57:54', '2017-11-17 17:57:54', 330, 699, 0),
(411, '2017-11-17 17:59:29', '2017-11-17 17:59:29', 331, 699, 0),
(412, '2017-11-17 18:01:48', '2017-11-17 18:01:48', 332, 699, 0),
(413, '2017-11-17 18:03:04', '2017-11-17 18:03:04', 333, 699, 0),
(414, '2017-11-17 18:05:33', '2017-11-17 18:05:33', 334, 699, 0),
(415, '2017-11-17 18:07:54', '2017-11-17 18:07:54', 335, 699, 0),
(416, '2017-11-17 18:09:14', '2017-11-17 18:09:14', 336, 699, 0),
(417, '2017-11-17 18:10:50', '2017-11-17 18:10:50', 337, 699, 0),
(418, '2017-11-17 18:12:55', '2017-11-17 18:12:55', 338, 699, 0),
(419, '2017-11-17 18:18:59', '2017-11-17 18:18:59', 339, 699, 0),
(420, '2017-11-17 18:20:15', '2017-11-17 18:20:15', 340, 699, 0),
(421, '2017-11-17 18:21:39', '2017-11-17 18:21:39', 341, 699, 0),
(422, '2017-11-17 18:23:13', '2017-11-17 18:23:13', 342, 699, 0),
(423, '2017-11-17 18:24:47', '2017-11-17 18:24:47', 343, 699, 0),
(424, '2017-11-17 18:27:08', '2017-11-17 18:27:08', 344, 699, 0),
(425, '2017-11-17 18:29:00', '2017-11-17 18:29:00', 345, 699, 0),
(426, '2017-11-17 18:31:57', '2017-11-17 18:31:57', 346, 699, 0),
(427, '2017-11-17 18:33:55', '2017-11-17 18:33:55', 347, 699, 0),
(428, '2017-11-17 18:39:27', '2017-11-17 18:39:27', 348, 699, 0),
(429, '2017-11-17 18:39:54', '2017-11-17 18:39:54', 348, 699, 0),
(430, '2017-11-17 18:41:43', '2017-11-17 18:41:43', 349, 699, 0),
(431, '2017-11-17 18:43:59', '2017-11-17 18:43:59', 350, 699, 0),
(432, '2017-11-17 18:45:18', '2017-11-17 18:45:18', 351, 699, 0),
(433, '2017-11-17 18:49:23', '2017-11-17 18:49:23', 352, 699, 0),
(434, '2017-11-17 18:49:59', '2017-11-17 18:49:59', 352, 699, 0),
(435, '2017-11-17 18:58:33', '2017-11-17 18:58:33', 353, 699, 0),
(436, '2017-11-17 19:02:53', '2017-11-17 19:02:53', 354, 699, 0),
(437, '2017-11-17 19:08:02', '2017-11-17 19:08:02', 355, 699, 0),
(438, '2017-11-17 19:11:10', '2017-11-17 19:11:10', 356, 699, 0),
(439, '2017-11-17 19:19:18', '2017-11-17 19:19:18', 357, 699, 0),
(440, '2017-11-17 19:23:48', '2017-11-17 19:23:48', 358, 699, 0),
(441, '2017-11-17 19:25:48', '2017-11-17 19:25:48', 359, 699, 0),
(442, '2017-11-17 19:29:28', '2017-11-17 19:29:28', 360, 699, 0),
(443, '2017-11-17 19:31:09', '2017-11-17 19:31:09', 361, 699, 0),
(444, '2017-11-17 19:34:03', '2017-11-17 19:34:03', 362, 699, 0),
(445, '2017-11-17 19:37:19', '2017-11-17 19:37:19', 363, 699, 0),
(446, '2017-11-17 19:39:53', '2017-11-17 19:39:53', 364, 699, 0),
(447, '2017-11-17 19:41:26', '2017-11-17 19:41:26', 365, 699, 0),
(448, '2017-11-17 19:43:37', '2017-11-17 19:43:37', 366, 699, 0),
(449, '2017-11-17 19:47:25', '2017-11-17 19:47:25', 367, 699, 0),
(450, '2017-11-17 19:49:37', '2017-11-17 19:49:37', 368, 399, 0),
(451, '2017-11-17 19:50:08', '2017-11-17 19:50:08', 369, 699, 0),
(452, '2017-11-17 19:50:45', '2017-11-17 19:50:45', 370, 399, 0),
(453, '2017-11-17 19:52:22', '2017-11-17 19:52:22', 371, 399, 0),
(454, '2017-11-17 19:54:28', '2017-11-17 19:54:28', 372, 699, 0),
(455, '2017-11-17 19:58:07', '2017-11-17 19:58:07', 373, 699, 0),
(456, '2017-11-17 19:58:42', '2017-11-17 19:58:42', 374, 399, 0),
(457, '2017-11-17 20:00:13', '2017-11-17 20:00:13', 374, 399, 0),
(458, '2017-11-17 20:05:59', '2017-11-17 20:05:59', 375, 699, 0),
(459, '2017-11-17 20:09:05', '2017-11-17 20:09:05', 374, 399, 0),
(460, '2017-11-17 20:17:49', '2017-11-17 20:17:49', 376, 699, 0),
(461, '2017-11-17 20:25:55', '2017-11-17 20:25:55', 377, 699, 0),
(462, '2017-11-17 20:29:29', '2017-11-17 20:29:29', 378, 699, 0),
(463, '2017-11-17 20:34:52', '2017-11-17 20:34:52', 379, 699, 0),
(464, '2017-11-17 20:39:00', '2017-11-17 20:39:00', 380, 699, 0),
(465, '2017-11-17 20:41:38', '2017-11-17 20:41:38', 381, 399, 0),
(466, '2017-11-17 20:43:55', '2017-11-17 20:43:55', 382, 399, 0),
(467, '2017-11-17 20:44:48', '2017-11-17 20:44:48', 383, 699, 0),
(468, '2017-11-17 20:47:08', '2017-11-17 20:47:08', 384, 699, 0),
(469, '2017-11-17 20:49:56', '2017-11-17 20:49:56', 385, 699, 0),
(470, '2017-11-17 20:52:06', '2017-11-17 20:52:06', 386, 699, 0),
(471, '2017-11-17 20:54:01', '2017-11-17 20:54:01', 387, 699, 0),
(472, '2017-11-17 21:00:03', '2017-11-17 21:00:03', 388, 699, 0),
(473, '2017-11-17 21:02:58', '2017-11-17 21:02:58', 389, 699, 0),
(474, '2017-11-17 21:05:15', '2017-11-17 21:05:15', 390, 699, 0),
(475, '2017-11-17 21:13:52', '2017-11-17 21:13:52', 391, 699, 0),
(476, '2017-11-17 21:15:56', '2017-11-17 21:15:56', 392, 699, 0),
(477, '2017-11-17 21:18:06', '2017-11-17 21:18:06', 393, 399, 0),
(478, '2017-11-17 21:18:39', '2017-11-17 21:18:39', 394, 399, 0),
(479, '2017-11-17 21:19:19', '2017-11-17 21:19:19', 395, 699, 0),
(480, '2017-11-17 21:19:26', '2017-11-17 21:19:26', 396, 399, 0),
(481, '2017-11-17 21:20:21', '2017-11-17 21:20:21', 397, 399, 0),
(482, '2017-11-17 21:21:14', '2017-11-17 21:21:14', 398, 399, 0),
(483, '2017-11-17 21:21:43', '2017-11-17 21:21:43', 399, 399, 0),
(484, '2017-11-17 21:23:39', '2017-11-17 21:23:39', 396, 399, 0),
(485, '2017-11-17 21:26:30', '2017-11-17 21:26:30', 400, 699, 0),
(486, '2017-11-17 21:26:55', '2017-11-17 21:26:55', 401, 399, 0),
(487, '2017-11-17 21:27:25', '2017-11-17 21:27:25', 402, 399, 0),
(488, '2017-11-17 21:28:25', '2017-11-17 21:28:25', 403, 399, 0),
(489, '2017-11-17 21:29:24', '2017-11-17 21:29:24', 404, 399, 0),
(490, '2017-11-17 21:30:10', '2017-11-17 21:30:10', 405, 699, 0),
(491, '2017-11-17 21:30:46', '2017-11-17 21:30:46', 403, 399, 0),
(492, '2017-11-17 21:31:12', '2017-11-17 21:31:12', 403, 399, 0),
(493, '2017-11-17 21:31:37', '2017-11-17 21:31:37', 402, 399, 0),
(494, '2017-11-17 21:31:39', '2017-11-17 21:31:39', 406, 699, 0),
(495, '2017-11-17 21:32:00', '2017-11-17 21:32:00', 401, 399, 0),
(496, '2017-11-17 21:34:05', '2017-11-17 21:34:05', 407, 699, 0),
(497, '2017-11-17 21:35:20', '2017-11-17 21:35:20', 408, 399, 0),
(498, '2017-11-17 21:35:51', '2017-11-17 21:35:51', 409, 399, 0),
(499, '2017-11-17 21:36:35', '2017-11-17 21:36:35', 410, 399, 0),
(500, '2017-11-17 21:37:05', '2017-11-17 21:37:05', 411, 399, 0),
(501, '2017-11-17 21:37:32', '2017-11-17 21:37:32', 412, 399, 0),
(502, '2017-11-17 21:38:02', '2017-11-17 21:38:02', 413, 399, 0),
(503, '2017-11-17 21:38:18', '2017-11-17 21:38:18', 414, 699, 0),
(504, '2017-11-17 21:38:57', '2017-11-17 21:38:57', 415, 399, 0),
(505, '2017-11-17 21:40:07', '2017-11-17 21:40:07', 416, 399, 0),
(506, '2017-11-17 21:41:17', '2017-11-17 21:41:17', 417, 399, 0),
(507, '2017-11-17 21:41:47', '2017-11-17 21:41:47', 418, 399, 0),
(508, '2017-11-17 21:41:52', '2017-11-17 21:41:52', 419, 699, 0),
(509, '2017-11-17 21:42:33', '2017-11-17 21:42:33', 420, 399, 0),
(510, '2017-11-17 21:43:06', '2017-11-17 21:43:06', 421, 399, 0),
(511, '2017-11-17 21:45:44', '2017-11-17 21:45:44', 422, 699, 0),
(512, '2017-11-17 21:48:12', '2017-11-17 21:48:12', 423, 699, 0),
(513, '2017-11-17 21:49:57', '2017-11-17 21:49:57', 424, 699, 0),
(514, '2017-11-17 21:51:29', '2017-11-17 21:51:29', 425, 699, 0),
(515, '2017-11-17 21:53:07', '2017-11-17 21:53:07', 426, 699, 0),
(516, '2017-11-17 21:54:42', '2017-11-17 21:54:42', 427, 699, 0),
(517, '2017-11-17 21:56:23', '2017-11-17 21:56:23', 428, 699, 0),
(518, '2017-11-17 21:57:55', '2017-11-17 21:57:55', 429, 699, 0),
(519, '2017-11-17 21:59:37', '2017-11-17 21:59:37', 430, 699, 0),
(520, '2017-11-17 22:02:17', '2017-11-17 22:02:17', 431, 699, 0),
(521, '2017-11-17 22:03:59', '2017-11-17 22:03:59', 432, 699, 0),
(522, '2017-11-17 22:05:47', '2017-11-17 22:05:47', 433, 699, 0),
(523, '2017-11-17 22:07:54', '2017-11-17 22:07:54', 434, 699, 0),
(524, '2017-11-17 22:09:37', '2017-11-17 22:09:37', 435, 699, 0),
(525, '2017-11-17 22:11:57', '2017-11-17 22:11:57', 436, 699, 0),
(526, '2017-11-17 22:15:08', '2017-11-17 22:15:08', 437, 699, 0),
(527, '2017-11-17 22:16:53', '2017-11-17 22:16:53', 438, 699, 0),
(528, '2017-11-17 22:18:44', '2017-11-17 22:18:44', 439, 699, 0),
(529, '2017-11-17 22:22:29', '2017-11-17 22:22:29', 440, 699, 0),
(530, '2017-11-17 22:23:34', '2017-11-17 22:23:34', 441, 399, 0),
(531, '2017-11-17 22:24:44', '2017-11-17 22:24:44', 442, 699, 0),
(532, '2017-11-17 22:26:11', '2017-11-17 22:26:11', 443, 399, 0),
(533, '2017-11-17 22:27:04', '2017-11-17 22:27:04', 444, 399, 0),
(534, '2017-11-17 22:27:49', '2017-11-17 22:27:49', 445, 399, 0),
(535, '2017-11-17 22:28:10', '2017-11-17 22:28:10', 446, 699, 0),
(536, '2017-11-17 22:28:49', '2017-11-17 22:28:49', 447, 399, 0),
(537, '2017-11-17 22:29:16', '2017-11-17 22:29:16', 448, 399, 0),
(538, '2017-11-17 22:29:55', '2017-11-17 22:29:55', 449, 399, 0),
(539, '2017-11-17 22:30:30', '2017-11-17 22:30:30', 450, 699, 0),
(540, '2017-11-17 22:30:30', '2017-11-17 22:30:30', 451, 399, 0),
(541, '2017-11-17 22:31:15', '2017-11-17 22:31:15', 452, 399, 0),
(542, '2017-11-17 22:31:33', '2017-11-17 22:31:33', 453, 399, 0),
(543, '2017-11-17 22:31:56', '2017-11-17 22:31:56', 454, 399, 0),
(544, '2017-11-17 22:33:09', '2017-11-17 22:33:09', 455, 399, 0),
(545, '2017-11-17 22:33:32', '2017-11-17 22:33:32', 456, 399, 0),
(546, '2017-11-17 22:35:07', '2017-11-17 22:35:07', 457, 399, 0),
(547, '2017-11-17 22:50:55', '2017-11-17 22:50:55', 458, 699, 0),
(548, '2017-11-17 22:53:02', '2017-11-17 22:53:02', 459, 699, 0),
(549, '2017-11-17 22:56:44', '2017-11-17 22:56:44', 460, 699, 0),
(550, '2017-11-17 22:58:17', '2017-11-17 22:58:17', 461, 699, 0),
(551, '2017-11-17 23:00:18', '2017-11-17 23:00:18', 462, 699, 0),
(552, '2017-11-17 23:01:42', '2017-11-17 23:01:42', 463, 699, 0),
(553, '2017-11-17 23:06:39', '2017-11-17 23:06:39', 464, 699, 0),
(554, '2017-11-17 23:08:31', '2017-11-17 23:08:31', 465, 699, 0),
(555, '2017-11-17 23:10:14', '2017-11-17 23:10:14', 466, 699, 0),
(556, '2017-11-17 23:12:04', '2017-11-17 23:12:04', 467, 699, 0),
(557, '2017-11-17 23:13:45', '2017-11-17 23:13:45', 468, 699, 0),
(558, '2017-11-17 23:15:17', '2017-11-17 23:15:17', 469, 699, 0),
(559, '2017-11-17 23:17:08', '2017-11-17 23:17:08', 470, 699, 0),
(560, '2017-11-17 23:18:58', '2017-11-17 23:18:58', 471, 699, 0),
(561, '2017-11-17 23:20:19', '2017-11-17 23:20:19', 472, 699, 0),
(562, '2017-11-17 23:23:15', '2017-11-17 23:23:15', 473, 699, 0),
(563, '2017-11-17 23:24:34', '2017-11-17 23:24:34', 474, 699, 0),
(564, '2017-11-17 23:25:45', '2017-11-17 23:25:45', 475, 699, 0),
(565, '2017-11-17 23:26:57', '2017-11-17 23:26:57', 476, 699, 0),
(566, '2017-11-17 23:28:18', '2017-11-17 23:28:18', 477, 699, 0),
(567, '2017-11-17 23:30:00', '2017-11-17 23:30:00', 478, 699, 0),
(568, '2017-11-17 23:31:33', '2017-11-17 23:31:33', 479, 699, 0),
(569, '2017-11-17 23:33:18', '2017-11-17 23:33:18', 480, 699, 0),
(570, '2017-11-17 23:34:51', '2017-11-17 23:34:51', 481, 699, 0),
(571, '2017-11-17 23:36:59', '2017-11-17 23:36:59', 482, 699, 0),
(572, '2017-11-17 23:38:24', '2017-11-17 23:38:24', 483, 699, 0),
(573, '2017-11-17 23:40:07', '2017-11-17 23:40:07', 484, 699, 0),
(574, '2017-11-17 23:41:41', '2017-11-17 23:41:41', 485, 699, 0),
(575, '2017-11-17 23:43:02', '2017-11-17 23:43:02', 486, 699, 0),
(576, '2017-11-17 23:45:39', '2017-11-17 23:45:39', 487, 699, 0),
(577, '2017-11-17 23:47:24', '2017-11-17 23:47:24', 488, 699, 0),
(578, '2017-11-17 23:48:54', '2017-11-17 23:48:54', 489, 699, 0),
(579, '2017-11-17 23:50:38', '2017-11-17 23:50:38', 490, 699, 0),
(580, '2017-11-17 23:52:03', '2017-11-17 23:52:03', 491, 699, 0),
(581, '2017-11-17 23:54:10', '2017-11-17 23:54:10', 492, 699, 0),
(582, '2017-11-17 23:56:13', '2017-11-17 23:56:13', 493, 699, 0),
(583, '2017-11-17 23:57:53', '2017-11-17 23:57:53', 494, 699, 0),
(584, '2017-11-17 23:59:42', '2017-11-17 23:59:42', 495, 699, 0),
(585, '2017-11-18 00:01:50', '2017-11-18 00:01:50', 496, 699, 0),
(586, '2017-11-18 00:03:36', '2017-11-18 00:03:36', 497, 699, 0),
(587, '2017-11-18 00:05:33', '2017-11-18 00:05:33', 498, 699, 0),
(588, '2017-11-18 00:06:59', '2017-11-18 00:06:59', 499, 699, 0),
(589, '2017-11-18 00:08:56', '2017-11-18 00:08:56', 500, 699, 0),
(590, '2017-11-18 00:11:19', '2017-11-18 00:11:19', 501, 699, 0),
(591, '2017-11-18 00:13:02', '2017-11-18 00:13:02', 502, 699, 0),
(592, '2017-11-18 00:14:27', '2017-11-18 00:14:27', 503, 699, 0),
(593, '2017-11-18 00:17:04', '2017-11-18 00:17:04', 504, 699, 0),
(594, '2017-11-18 00:19:47', '2017-11-18 00:19:47', 505, 699, 0),
(595, '2017-11-18 09:24:52', '2017-11-18 09:24:52', 506, 399, 0),
(596, '2017-11-18 11:44:52', '2017-11-18 11:44:52', 507, 399, 0),
(597, '2017-11-18 11:45:27', '2017-11-18 11:45:27', 508, 399, 0),
(598, '2017-11-18 11:46:13', '2017-11-18 11:46:13', 509, 399, 0),
(599, '2017-11-18 11:46:52', '2017-11-18 11:46:52', 510, 399, 0),
(600, '2017-11-18 11:47:33', '2017-11-18 11:47:33', 511, 399, 0),
(601, '2017-11-18 11:55:08', '2017-11-18 11:55:08', 512, 399, 0),
(602, '2017-11-18 11:56:05', '2017-11-18 11:56:05', 513, 399, 0),
(603, '2017-11-18 11:56:45', '2017-11-18 11:56:45', 514, 399, 0),
(604, '2017-11-18 12:31:21', '2017-11-18 12:31:21', 515, 399, 0),
(605, '2017-11-18 12:33:13', '2017-11-18 12:33:13', 516, 399, 0),
(606, '2017-11-18 12:34:37', '2017-11-18 12:34:37', 517, 399, 0),
(607, '2017-11-18 12:37:02', '2017-11-18 12:37:02', 518, 399, 0),
(608, '2017-11-18 12:39:12', '2017-11-18 12:39:12', 519, 399, 0),
(609, '2017-11-18 12:43:39', '2017-11-18 12:43:39', 520, 399, 0),
(610, '2017-11-18 12:47:57', '2017-11-18 12:47:57', 521, 399, 0),
(611, '2017-11-18 12:50:02', '2017-11-18 12:50:02', 522, 399, 0),
(612, '2017-11-18 12:51:26', '2017-11-18 12:51:26', 523, 399, 0),
(613, '2017-11-18 12:51:50', '2017-11-18 12:51:50', 524, 399, 0),
(614, '2017-11-18 12:52:38', '2017-11-18 12:52:38', 525, 399, 0),
(615, '2017-11-18 12:53:05', '2017-11-18 12:53:05', 526, 399, 0),
(616, '2017-11-18 12:53:26', '2017-11-18 12:53:26', 527, 399, 0),
(617, '2017-11-18 12:53:40', '2017-11-18 12:53:40', 528, 399, 0),
(618, '2017-11-18 12:55:12', '2017-11-18 12:55:12', 529, 399, 0),
(619, '2017-11-18 12:56:31', '2017-11-18 12:56:31', 530, 399, 0),
(620, '2017-11-18 12:57:51', '2017-11-18 12:57:51', 531, 399, 0),
(621, '2017-11-18 12:58:51', '2017-11-18 12:58:51', 532, 399, 0),
(622, '2017-11-18 13:00:00', '2017-11-18 13:00:00', 533, 399, 0),
(623, '2017-11-18 13:02:28', '2017-11-18 13:02:28', 534, 399, 0),
(624, '2017-11-18 13:03:24', '2017-11-18 13:03:24', 535, 399, 0),
(625, '2017-11-18 13:04:38', '2017-11-18 13:04:38', 536, 399, 0),
(626, '2017-11-18 13:05:30', '2017-11-18 13:05:30', 457, 399, 0),
(627, '2017-11-18 13:05:44', '2017-11-18 13:05:44', 537, 399, 0),
(628, '2017-11-18 13:06:43', '2017-11-18 13:06:43', 538, 399, 0),
(629, '2017-11-18 13:07:55', '2017-11-18 13:07:55', 539, 399, 0),
(630, '2017-11-18 13:09:04', '2017-11-18 13:09:04', 540, 399, 0),
(631, '2017-11-18 13:10:18', '2017-11-18 13:10:18', 541, 399, 0),
(632, '2017-11-18 13:11:10', '2017-11-18 13:11:10', 542, 399, 0),
(633, '2017-11-18 13:12:27', '2017-11-18 13:12:27', 543, 399, 0),
(634, '2017-11-18 13:13:23', '2017-11-18 13:13:23', 544, 399, 0),
(635, '2017-11-18 13:13:32', '2017-11-18 13:13:32', 545, 399, 0),
(636, '2017-11-18 13:14:05', '2017-11-18 13:14:05', 546, 399, 0),
(637, '2017-11-18 13:14:28', '2017-11-18 13:14:28', 547, 399, 0),
(638, '2017-11-18 13:16:01', '2017-11-18 13:16:01', 548, 399, 0),
(639, '2017-11-18 13:28:46', '2017-11-18 13:28:46', 549, 399, 0),
(640, '2017-11-18 13:31:01', '2017-11-18 13:31:01', 550, 399, 0),
(641, '2017-11-18 13:36:49', '2017-11-18 13:36:49', 551, 399, 0),
(642, '2017-11-18 13:39:22', '2017-11-18 13:39:22', 552, 399, 0),
(643, '2017-11-18 13:40:55', '2017-11-18 13:40:55', 553, 399, 0),
(644, '2017-11-18 13:44:15', '2017-11-18 13:44:15', 551, 399, 0),
(645, '2017-11-18 13:44:42', '2017-11-18 13:44:42', 552, 399, 0),
(646, '2017-11-18 13:46:45', '2017-11-18 13:46:45', 554, 399, 0),
(647, '2017-11-18 13:48:27', '2017-11-18 13:48:27', 555, 399, 0),
(648, '2017-11-18 13:48:28', '2017-11-18 13:48:28', 556, 399, 0),
(649, '2017-11-18 13:50:22', '2017-11-18 13:50:22', 557, 399, 0),
(650, '2017-11-18 13:52:56', '2017-11-18 13:52:56', 558, 399, 0),
(651, '2017-11-18 13:54:15', '2017-11-18 13:54:15', 559, 399, 0),
(652, '2017-11-18 13:54:37', '2017-11-18 13:54:37', 560, 399, 0),
(653, '2017-11-18 13:55:33', '2017-11-18 13:55:33', 561, 399, 0),
(654, '2017-11-18 13:56:13', '2017-11-18 13:56:13', 562, 399, 0),
(655, '2017-11-18 13:56:40', '2017-11-18 13:56:40', 563, 399, 0),
(656, '2017-11-18 13:57:07', '2017-11-18 13:57:07', 564, 399, 0),
(657, '2017-11-18 13:57:36', '2017-11-18 13:57:36', 565, 399, 0),
(658, '2017-11-18 14:05:54', '2017-11-18 14:05:54', 566, 399, 0),
(659, '2017-11-18 14:06:16', '2017-11-18 14:06:16', 567, 399, 0),
(660, '2017-11-18 14:06:37', '2017-11-18 14:06:37', 568, 399, 0),
(661, '2017-11-18 14:07:04', '2017-11-18 14:07:04', 569, 399, 0),
(662, '2017-11-18 14:07:44', '2017-11-18 14:07:44', 570, 399, 0),
(663, '2017-11-18 14:08:13', '2017-11-18 14:08:13', 571, 399, 0),
(664, '2017-11-18 14:14:44', '2017-11-18 14:14:44', 572, 399, 0),
(665, '2017-11-18 14:20:48', '2017-11-18 14:20:48', 573, 399, 0),
(666, '2017-11-18 14:23:53', '2017-11-18 14:23:53', 574, 399, 0),
(667, '2017-11-18 14:25:25', '2017-11-18 14:25:25', 575, 399, 0),
(668, '2017-11-18 15:52:02', '2017-11-18 15:52:02', 576, 299, 0),
(669, '2017-11-18 16:12:02', '2017-11-18 16:12:02', 577, 299, 0),
(670, '2017-11-18 16:14:36', '2017-11-18 16:14:36', 578, 299, 0),
(671, '2017-11-18 16:16:10', '2017-11-18 16:16:10', 579, 299, 0),
(672, '2017-11-18 16:17:19', '2017-11-18 16:17:19', 580, 299, 0),
(673, '2017-11-18 16:18:17', '2017-11-18 16:18:17', 581, 299, 0),
(674, '2017-11-18 16:24:03', '2017-11-18 16:24:03', 582, 299, 0),
(675, '2017-11-18 16:27:38', '2017-11-18 16:27:38', 583, 299, 0),
(676, '2017-11-18 16:28:06', '2017-11-18 16:28:06', 584, 299, 0),
(677, '2017-11-18 16:28:33', '2017-11-18 16:28:33', 585, 299, 0),
(678, '2017-11-18 16:28:45', '2017-11-18 16:28:45', 586, 299, 0),
(679, '2017-11-18 16:31:14', '2017-11-18 16:31:14', 587, 299, 0),
(680, '2017-11-18 16:31:30', '2017-11-18 16:31:30', 588, 299, 0),
(681, '2017-11-18 16:31:46', '2017-11-18 16:31:46', 589, 299, 0),
(682, '2017-11-18 16:32:02', '2017-11-18 16:32:02', 590, 299, 0),
(683, '2017-11-18 16:32:56', '2017-11-18 16:32:56', 591, 299, 0),
(684, '2017-11-18 16:49:00', '2017-11-18 16:49:00', 592, 299, 0),
(685, '2017-11-18 17:13:54', '2017-11-18 17:13:54', 593, 299, 0),
(686, '2017-11-18 17:15:18', '2017-11-18 17:15:18', 593, 299, 0),
(687, '2017-11-18 17:18:25', '2017-11-18 17:18:25', 594, 299, 0),
(688, '2017-11-18 17:21:10', '2017-11-18 17:21:10', 595, 299, 0),
(689, '2017-11-18 17:22:06', '2017-11-18 17:22:06', 596, 299, 0),
(690, '2017-11-18 17:22:12', '2017-11-18 17:22:12', 597, 299, 0),
(691, '2017-11-18 17:22:23', '2017-11-18 17:22:23', 598, 299, 0),
(692, '2017-11-18 17:22:40', '2017-11-18 17:22:40', 599, 299, 0),
(693, '2017-11-18 17:23:30', '2017-11-18 17:23:30', 600, 299, 0),
(694, '2017-11-18 17:23:37', '2017-11-18 17:23:37', 601, 299, 0),
(695, '2017-11-18 17:24:41', '2017-11-18 17:24:41', 602, 299, 0),
(696, '2017-11-18 17:25:31', '2017-11-18 17:25:31', 603, 299, 0),
(697, '2017-11-18 17:25:51', '2017-11-18 17:25:51', 604, 299, 0),
(698, '2017-11-18 17:26:13', '2017-11-18 17:26:13', 605, 299, 0),
(699, '2017-11-18 17:26:25', '2017-11-18 17:26:25', 606, 299, 0),
(700, '2017-11-18 17:27:04', '2017-11-18 17:27:04', 607, 299, 0),
(701, '2017-11-18 17:27:37', '2017-11-18 17:27:37', 608, 299, 0),
(702, '2017-11-18 17:29:36', '2017-11-18 17:29:36', 605, 299, 0),
(703, '2017-11-18 17:30:01', '2017-11-18 17:30:01', 609, 299, 0),
(704, '2017-11-18 17:31:00', '2017-11-18 17:31:00', 610, 299, 0),
(705, '2017-11-18 17:31:23', '2017-11-18 17:31:23', 611, 299, 0),
(706, '2017-11-18 17:32:44', '2017-11-18 17:32:44', 612, 299, 0),
(707, '2017-11-18 17:48:49', '2017-11-18 17:48:49', 613, 299, 0),
(708, '2017-11-18 17:49:30', '2017-11-18 17:49:30', 614, 299, 0),
(709, '2017-11-18 17:49:32', '2017-11-18 17:49:32', 615, 299, 0),
(710, '2017-11-18 17:49:36', '2017-11-18 17:49:36', 616, 299, 0),
(711, '2017-11-18 17:50:11', '2017-11-18 17:50:11', 613, 299, 0),
(712, '2017-11-18 17:51:36', '2017-11-18 17:51:36', 617, 299, 0),
(713, '2017-11-18 17:52:14', '2017-11-18 17:52:14', 618, 299, 0),
(714, '2017-11-18 17:52:19', '2017-11-18 17:52:19', 619, 299, 0),
(715, '2017-11-18 17:52:38', '2017-11-18 17:52:38', 620, 299, 0),
(716, '2017-11-18 17:53:11', '2017-11-18 17:53:11', 621, 299, 0),
(717, '2017-11-18 17:53:28', '2017-11-18 17:53:28', 622, 299, 0),
(718, '2017-11-18 17:54:00', '2017-11-18 17:54:00', 623, 299, 0),
(719, '2017-11-18 17:54:05', '2017-11-18 17:54:05', 624, 299, 0),
(720, '2017-11-18 17:55:05', '2017-11-18 17:55:05', 625, 299, 0),
(721, '2017-11-18 17:55:07', '2017-11-18 17:55:07', 626, 299, 0),
(722, '2017-11-18 17:55:31', '2017-11-18 17:55:31', 627, 299, 0),
(723, '2017-11-18 17:55:44', '2017-11-18 17:55:44', 628, 299, 0),
(724, '2017-11-18 17:55:53', '2017-11-18 17:55:53', 629, 299, 0),
(725, '2017-11-18 17:56:34', '2017-11-18 17:56:34', 630, 299, 0),
(726, '2017-11-18 17:57:04', '2017-11-18 17:57:04', 631, 299, 0),
(727, '2017-11-18 17:57:23', '2017-11-18 17:57:23', 632, 299, 0),
(728, '2017-11-18 17:57:58', '2017-11-18 17:57:58', 633, 299, 0),
(729, '2017-11-18 17:58:35', '2017-11-18 17:58:35', 634, 299, 0),
(730, '2017-11-18 17:58:45', '2017-11-18 17:58:45', 635, 299, 0),
(731, '2017-11-18 17:59:09', '2017-11-18 17:59:09', 636, 299, 0),
(732, '2017-11-18 17:59:39', '2017-11-18 17:59:39', 637, 299, 0),
(733, '2017-11-18 18:00:12', '2017-11-18 18:00:12', 638, 299, 0),
(734, '2017-11-18 18:00:14', '2017-11-18 18:00:14', 639, 299, 0),
(735, '2017-11-18 18:00:33', '2017-11-18 18:00:33', 640, 299, 0),
(736, '2017-11-18 18:00:58', '2017-11-18 18:00:58', 641, 299, 0),
(737, '2017-11-18 18:01:25', '2017-11-18 18:01:25', 642, 299, 0),
(738, '2017-11-18 18:02:18', '2017-11-18 18:02:18', 643, 299, 0);

-- --------------------------------------------------------

--
-- Table structure for table `products`
--

CREATE TABLE `products` (
  `id` int(10) UNSIGNED NOT NULL,
  `created_at` timestamp NULL DEFAULT NULL,
  `updated_at` timestamp NULL DEFAULT NULL,
  `name` varchar(150) COLLATE utf8mb4_unicode_ci NOT NULL,
  `description` mediumtext COLLATE utf8mb4_unicode_ci NOT NULL,
  `is_active` tinyint(1) NOT NULL DEFAULT '0',
  `is_offer` tinyint(1) NOT NULL DEFAULT '0',
  `special` tinyint(1) NOT NULL DEFAULT '0',
  `brand_id` int(10) UNSIGNED NOT NULL,
  `picture_id` int(10) UNSIGNED NOT NULL,
  `type_id` int(10) UNSIGNED DEFAULT NULL
) ENGINE=InnoDB DEFAULT CHARSET=utf8mb4 COLLATE=utf8mb4_unicode_ci;

--
-- Dumping data for table `products`
--

INSERT INTO `products` (`id`, `created_at`, `updated_at`, `name`, `description`, `is_active`, `is_offer`, `special`, `brand_id`, `picture_id`, `type_id`) VALUES
(200, '2017-11-15 23:21:59', '2017-11-16 01:33:45', 'Test LG Teracell', 'Test LG Teracell', 0, 0, 0, 40, 24, 0),
(201, '2017-11-15 23:22:20', '2017-11-16 02:14:45', 'Test Samsung Teracell', 'Test Samsung Teracell', 0, 1, 0, 20, 24, 30),
(202, '2017-11-15 23:23:01', '2017-11-17 08:10:56', 'Test Nokia Nillkin', 'Test Nokia Nillkin', 0, 1, 0, 34, 24, 32),
(203, '2017-11-15 23:44:32', '2017-11-16 02:14:53', 'Test test test', 'Test test test', 0, 0, 0, 35, 24, 34),
(204, '2017-11-15 23:45:01', '2017-11-17 08:10:58', 'coolpad motomo', 'coolpad motomo', 0, 0, 0, 27, 24, 31),
(205, '2017-11-15 23:45:12', '2017-11-17 08:11:00', 'azumi motomo', 'azumi motomo', 0, 0, 0, 25, 24, 31),
(206, '2017-11-15 23:45:21', '2017-11-17 08:11:01', 'microsoft motomo', 'microsoft motomo', 0, 0, 0, 32, 24, 31),
(207, '2017-11-15 23:45:28', '2017-11-17 08:11:03', 'microsoft puro', 'microsoft puro', 0, 0, 0, 32, 24, 33),
(208, '2017-11-15 23:45:41', '2017-11-17 08:11:05', 'meizu ldnio', 'meizu ldnio', 0, 0, 0, 31, 24, 27),
(209, '2017-11-15 23:45:50', '2017-11-17 08:11:11', 'meizu puro23', 'meizu puro', 0, 0, 0, 31, 24, 33),
(210, '2017-11-15 23:45:58', '2017-11-17 08:11:13', 'htc puro', 'htc puro', 0, 0, 0, 29, 24, 33),
(211, '2017-11-15 23:46:10', '2017-11-17 08:11:16', 'nokia kavaro', 'nokia kavaro', 0, 0, 0, 34, 24, 29),
(212, '2017-11-15 23:46:17', '2017-11-17 08:11:19', 'asus kavaro', 'asus kavaro', 0, 0, 0, 24, 24, 29),
(213, '2017-11-15 23:46:28', '2017-11-17 08:11:21', 'wiko glitz', 'wiko glitz', 0, 0, 0, 37, 24, 36),
(214, '2017-11-15 23:46:35', '2017-11-15 23:46:35', 'wiko nema tip', 'wiko nema tip', 0, 0, 0, 37, 24, 0),
(215, '2017-11-15 23:46:43', '2017-11-15 23:46:43', 'lenovo nema tip', 'lenovo nema tip', 0, 0, 0, 30, 24, NULL),
(216, '2017-11-15 23:46:49', '2017-11-15 23:46:49', 'lenovo nema tip 2', 'lenovo nema tip 2', 0, 0, 0, 30, 24, NULL),
(217, '2017-11-15 23:46:54', '2017-11-15 23:46:54', 'lenovo nema tip 3', 'lenovo nema tip 3', 0, 0, 0, 30, 24, NULL),
(218, '2017-11-15 23:47:04', '2017-11-15 23:47:04', 'motorola nema tip 1', 'motorola nema tip 1', 0, 0, 0, 33, 24, NULL),
(219, '2017-11-15 23:47:21', '2017-11-16 09:16:17', 'tesla remax ', 'tesla remax ', 0, 0, 0, 36, 24, 26),
(220, '2017-11-15 23:47:29', '2017-11-17 08:11:26', 'tesla glitz', 'tesla glitz', 0, 0, 0, 36, 24, 36),
(221, '2017-11-17 09:42:09', '2017-11-17 09:42:10', 'Torbica Teracell Skin Diamond za Samsung G955 S8 Plus', 'Ultra tanki transparent silikon prožet dijamantskim sjajem.', 1, 0, 0, 20, 216, 35),
(222, '2017-11-17 09:48:53', '2017-11-17 09:50:52', 'Torbica Teracell Skin Diamond za Samsung G950 S8', 'Ultra tanki transparent silikon prožet dijamantskim sjajem.', 1, 0, 0, 20, 217, 35),
(223, '2017-11-17 09:53:31', '2017-11-17 09:53:31', 'Torbica Teracell Skin Diamond za Samsung A520F Galaxy A5 2017', 'Ultra tanki transparent silikon prožet dijamantskim sjajem.', 1, 0, 0, 20, 218, 35),
(224, '2017-11-17 09:55:31', '2017-11-17 10:22:27', 'Torbica Teracell Skin Diamond za Huawei P10 lite', 'Ultra tanki transparent silikon prožet dijamantskim sjajem.', 1, 0, 0, 21, 219, 35),
(225, '2017-11-17 10:08:55', '2017-11-17 10:08:55', 'Torbica Teracell Skin Diamond za Samsung J510F Galaxy J5 2016', 'Ultra tanki transparent silikon prožet dijamantskim sjajem.', 1, 0, 0, 20, 220, 35),
(226, '2017-11-17 10:21:09', '2017-11-17 10:21:09', 'Torbica Teracell Skin Diamond za Huawei Y625', 'Ultra tanki transparent silikon prožet dijamantskim sjajem.', 1, 0, 0, 21, 221, 35),
(227, '2017-11-17 10:25:41', '2017-11-17 10:25:41', 'Torbica Teracell Skin Diamond za Samsung G935 S7 Edge', 'Ultra tanki transparent silikon prožet dijamantskim sjajem.', 1, 0, 0, 20, 222, 35),
(228, '2017-11-17 10:27:02', '2017-11-17 10:27:02', 'Torbica Teracell Skin Diamond za Sony Xperia M4 Aqua/E2305', 'Ultra tanki transparent silikon prožet dijamantskim sjajem.', 1, 0, 0, 35, 223, 35),
(229, '2017-11-17 10:31:12', '2017-11-17 10:31:12', 'Torbica Teracell Skin Diamond za iPhone 6/6S', 'Ultra tanki transparent silikon prožet dijamantskim sjajem.', 1, 0, 0, 19, 224, 35),
(230, '2017-11-17 10:37:32', '2017-11-17 10:37:32', 'Torbica Teracell Skin Diamond za Samsung A310F Galaxy A3 2016 ', 'Ultra tanki transparent silikon prožet dijamantskim sjajem.', 1, 0, 0, 20, 225, 35),
(231, '2017-11-17 10:39:56', '2017-11-17 10:39:56', 'Torbica Teracell Skin Diamond za Samsung J320F Galaxy J3 2016 ', 'Ultra tanki transparent silikon prožet dijamantskim sjajem.', 1, 0, 0, 20, 226, 35),
(232, '2017-11-17 11:02:36', '2017-11-17 11:45:09', 'Torbica Teracell Skin za iPhone 5', 'Torbica je izrađena od najfinijeg ultra tankog silikona za sve modele telefona,dostupna u više boja.', 1, 0, 0, 19, 239, 35),
(233, '2017-11-17 11:05:25', '2017-11-17 11:45:21', 'Torbica Teracell Skin za iPhone 5C', 'Torbica je izrađena od najfinijeg ultra tankog silikona za sve modele telefona,dostupna u više boja.', 1, 0, 0, 19, 240, 35),
(234, '2017-11-17 11:08:56', '2017-11-17 11:45:34', 'Torbica Teracell Skin za iPhone 6 plus/6S plus', 'Torbica je izrađena od najfinijeg ultra tankog silikona za sve modele telefona,dostupna u više boja.', 1, 0, 0, 19, 242, 35),
(235, '2017-11-17 11:10:44', '2017-11-17 11:45:47', 'Torbica Teracell Skin za iPhone 6/6S', 'Torbica je izrađena od najfinijeg ultra tankog silikona za sve modele telefona,dostupna u više boja.', 1, 0, 0, 19, 243, 35),
(236, '2017-11-17 11:12:06', '2017-11-17 12:38:23', 'Torbica Teracell Skin za iPhone 7 plus/8 plus', 'Torbica je izrađena od najfinijeg ultra tankog silikona za sve modele telefona,dostupna u više boja.', 1, 0, 0, 19, 280, 35),
(237, '2017-11-17 11:13:44', '2017-11-17 12:38:02', 'Torbica Teracell Skin za iPhone 7/8', 'Torbica je izrađena od najfinijeg ultra tankog silikona za sve modele telefona,dostupna u više boja.', 1, 0, 0, 19, 279, 35),
(238, '2017-11-17 11:14:59', '2017-11-17 11:44:16', 'Torbica Teracell Skin za iPhone X', 'Torbica je izrađena od najfinijeg ultra tankog silikona za sve modele telefona,dostupna u više boja.', 1, 0, 0, 19, 238, 35),
(239, '2017-11-17 11:23:57', '2017-11-17 11:23:57', 'Torbica Teracell Skin za Samsung A300F Galaxy A3', 'Torbica je izrađena od najfinijeg ultra tankog silikona za sve modele telefona,dostupna u više boja.', 1, 0, 0, 20, 234, 35),
(240, '2017-11-17 11:27:12', '2017-11-17 11:27:12', 'Torbica Teracell Skin za Samsung A310F Galaxy A3 2016', 'Torbica je izrađena od najfinijeg ultra tankog silikona za sve modele telefona,dostupna u više boja.', 1, 0, 0, 20, 235, 35),
(241, '2017-11-17 11:39:20', '2017-11-17 11:39:20', 'Torbica Teracell Skin za Samsung A320F Galaxy A3 2017', 'Torbica je izrađena od najfinijeg ultra tankog silikona za sve modele telefona,dostupna u više boja.', 1, 0, 0, 20, 236, 35),
(242, '2017-11-17 11:42:33', '2017-11-17 11:42:33', 'Torbica Teracell Skin za Samsung A500F Galaxy A5', 'Torbica je izrađena od najfinijeg ultra tankog silikona za sve modele telefona,dostupna u više boja.', 1, 0, 0, 20, 237, 35),
(243, '2017-11-17 11:46:18', '2017-11-17 11:46:18', 'Torbica Teracell Skin za Samsung A510F Galaxy A5 2016 crna', 'Torbica je izrađena od najfinijeg ultra tankog silikona za sve modele telefona,dostupna u više boja.', 1, 0, 0, 20, 244, 35),
(244, '2017-11-17 11:47:23', '2017-11-17 11:47:23', 'Torbica Teracell Skin za Samsung A520F Galaxy A5 2017', 'Torbica je izrađena od najfinijeg ultra tankog silikona za sve modele telefona,dostupna u više boja.', 1, 0, 0, 20, 246, 35),
(245, '2017-11-17 11:49:33', '2017-11-17 11:49:33', 'Torbica Teracell Skin za Samsung A710F Galaxy A7 2016', 'Torbica je izrađena od najfinijeg ultra tankog silikona za sve modele telefona,dostupna u više boja.', 1, 0, 0, 20, 247, 35),
(246, '2017-11-17 11:59:23', '2017-11-17 11:59:23', 'Torbica Teracell Skin za Samsung A800F Galaxy A8', 'Torbica je izrađena od najfinijeg ultra tankog silikona za sve modele telefona,dostupna u više boja.', 1, 0, 0, 20, 248, 35),
(247, '2017-11-17 12:01:06', '2017-11-17 12:01:06', 'Torbica Teracell Skin za Samsung A810F Galaxy A8 2016', 'Torbica je izrađena od najfinijeg ultra tankog silikona za sve modele telefona,dostupna u više boja.', 1, 0, 0, 20, 249, 35),
(248, '2017-11-17 12:02:31', '2017-11-17 12:02:31', 'Torbica Teracell Skin za Samsung A900F Galaxy A9', 'Torbica je izrađena od najfinijeg ultra tankog silikona za sve modele telefona,dostupna u više boja.', 1, 0, 0, 20, 250, 35),
(249, '2017-11-17 12:04:08', '2017-11-17 12:04:08', 'Torbica Teracell Skin za Samsung E500F Galaxy E5', 'Torbica je izrađena od najfinijeg ultra tankog silikona za sve modele telefona,dostupna u više boja.', 1, 0, 0, 20, 251, 35),
(250, '2017-11-17 12:05:35', '2017-11-17 12:05:35', 'Torbica Teracell Skin za Huawei G6', 'Torbica je izrađena od najfinijeg ultra tankog silikona za sve modele telefona,dostupna u više boja.', 1, 0, 0, 21, 252, 35),
(251, '2017-11-17 12:06:55', '2017-11-17 12:06:55', 'Torbica Teracell Skin za Samsung E700 Galaxy E7', 'Torbica je izrađena od najfinijeg ultra tankog silikona za sve modele telefona,dostupna u više boja.', 1, 0, 0, 20, 253, 35),
(252, '2017-11-17 12:07:20', '2017-11-17 12:07:20', 'Torbica Teracell Skin za Huawei G620', 'Torbica je izrađena od najfinijeg ultra tankog silikona za sve modele telefona,dostupna u više boja.', 1, 0, 0, 21, 254, 35),
(253, '2017-11-17 12:08:07', '2017-11-17 12:08:07', 'Torbica Teracell Skin za Huawei G620s', 'Torbica je izrađena od najfinijeg ultra tankog silikona za sve modele telefona,dostupna u više boja.', 1, 0, 0, 21, 255, 35),
(254, '2017-11-17 12:11:57', '2017-11-17 12:11:57', 'Torbica Teracell Skin za Huawei G8 crna', 'Torbica je izrađena od najfinijeg ultra tankog silikona za sve modele telefona,dostupna u više boja.', 1, 0, 0, 21, 256, 35),
(255, '2017-11-17 12:12:15', '2017-11-17 12:12:15', 'Torbica Teracell Skin za Samsung G530H Grand Prime', 'Torbica je izrađena od najfinijeg ultra tankog silikona za sve modele telefona,dostupna u više boja.', 1, 0, 0, 20, 257, 35),
(256, '2017-11-17 12:12:37', '2017-11-17 12:12:37', 'Torbica Teracell Skin za Huawei Honor 5X ', 'Torbica je izrađena od najfinijeg ultra tankog silikona za sve modele telefona,dostupna u više boja.', 1, 0, 0, 21, 258, 35),
(257, '2017-11-17 12:13:04', '2017-11-17 12:13:04', 'Torbica Teracell Skin za Huawei Honor 6 ', 'Torbica je izrađena od najfinijeg ultra tankog silikona za sve modele telefona,dostupna u više boja.', 1, 0, 0, 21, 259, 35),
(258, '2017-11-17 12:14:33', '2017-11-17 12:14:33', 'Torbica Teracell Skin za Huawei Honor 6 plus ', 'Torbica je izrađena od najfinijeg ultra tankog silikona za sve modele telefona,dostupna u više boja.', 1, 0, 0, 21, 260, 35),
(259, '2017-11-17 12:16:59', '2017-11-17 12:16:59', 'Torbica Teracell Skin za Huawei Honor 7 lite/5C', 'Torbica je izrađena od najfinijeg ultra tankog silikona za sve modele telefona,dostupna u više boja.', 1, 0, 0, 21, 261, 35),
(260, '2017-11-17 12:17:59', '2017-11-17 12:17:59', 'Torbica Teracell Skin za Huawei Honor 7 ', 'Torbica je izrađena od najfinijeg ultra tankog silikona za sve modele telefona,dostupna u više boja.', 1, 0, 0, 21, 262, 35),
(261, '2017-11-17 12:19:38', '2017-11-17 12:19:38', 'Torbica Teracell Skin za Huawei Honor 8 crna', 'Torbica je izrađena od najfinijeg ultra tankog silikona za sve modele telefona,dostupna u više boja.', 1, 0, 0, 21, 263, 35),
(262, '2017-11-17 12:20:49', '2017-11-17 12:20:49', 'Torbica Teracell Skin za Huawei Honor 8 Lite/P8 Lite 2017/P9 lite 2017', 'Torbica je izrađena od najfinijeg ultra tankog silikona za sve modele telefona,dostupna u više boja.', 1, 0, 0, 21, 264, 35),
(263, '2017-11-17 12:22:38', '2017-11-17 12:22:38', 'Torbica Teracell Skin za Huawei Honor 9', 'Torbica je izrađena od najfinijeg ultra tankog silikona za sve modele telefona,dostupna u više boja.', 1, 0, 0, 21, 265, 35),
(264, '2017-11-17 12:23:53', '2017-11-17 12:23:53', 'Torbica Teracell Skin za Huawei Honor V8', 'Torbica je izrađena od najfinijeg ultra tankog silikona za sve modele telefona,dostupna u više boja.', 1, 0, 0, 21, 266, 35),
(265, '2017-11-17 12:24:56', '2017-11-17 12:24:56', 'Torbica Teracell Skin za Huawei Mate 7 ', 'Torbica je izrađena od najfinijeg ultra tankog silikona za sve modele telefona,dostupna u više boja.', 1, 0, 0, 21, 267, 35),
(266, '2017-11-17 12:25:16', '2017-11-17 12:25:16', 'Torbica Teracell Skin za Huawei Mate 7 mini ', 'Torbica je izrađena od najfinijeg ultra tankog silikona za sve modele telefona,dostupna u više boja.', 1, 0, 0, 21, 268, 35),
(267, '2017-11-17 12:25:50', '2017-11-17 12:25:50', 'Torbica Teracell Skin za Huawei Mate 8 ', 'Torbica je izrađena od najfinijeg ultra tankog silikona za sve modele telefona,dostupna u više boja.', 1, 0, 0, 21, 269, 35),
(268, '2017-11-17 12:26:13', '2017-11-17 12:26:13', 'Torbica Teracell Skin za Huawei Mate 9', 'Torbica je izrađena od najfinijeg ultra tankog silikona za sve modele telefona,dostupna u više boja.', 1, 0, 0, 21, 270, 35),
(269, '2017-11-17 12:26:49', '2017-11-17 12:26:49', 'Torbica Teracell Skin za Huawei Mate S ', 'Torbica je izrađena od najfinijeg ultra tankog silikona za sve modele telefona,dostupna u više boja.', 1, 0, 0, 21, 271, 35),
(270, '2017-11-17 12:28:38', '2017-11-17 12:43:58', 'Torbica Teracell Skin za Huawei P8 lite ', 'Torbica je izrađena od najfinijeg ultra tankog silikona za sve modele telefona,dostupna u više boja.', 1, 0, 0, 21, 286, 35),
(271, '2017-11-17 12:30:29', '2017-11-17 12:40:32', 'Torbica Teracell Skin za Huawei Nova 2 ', 'Torbica je izrađena od najfinijeg ultra tankog silikona za sve modele telefona,dostupna u više boja.', 1, 0, 0, 21, 282, 35),
(272, '2017-11-17 12:31:41', '2017-11-17 12:36:20', 'Torbica Teracell Skin za Huawei Nova 2 Plus', 'Torbica je izrađena od najfinijeg ultra tankog silikona za sve modele telefona,dostupna u više boja.', 1, 0, 0, 21, 276, 35),
(273, '2017-11-17 12:33:03', '2017-11-17 12:36:02', 'Torbica Teracell Skin za Huawei P10 ', 'Torbica je izrađena od najfinijeg ultra tankog silikona za sve modele telefona,dostupna u više boja.', 1, 0, 0, 21, 275, 35),
(274, '2017-11-17 12:33:34', '2017-11-17 12:35:09', 'Torbica Teracell Skin za Huawei P10 Lite', 'Torbica je izrađena od najfinijeg ultra tankog silikona za sve modele telefona,dostupna u više boja.', 1, 0, 0, 21, 273, 35),
(275, '2017-11-17 12:34:17', '2017-11-17 12:35:42', 'Torbica Teracell Skin za Huawei P10 Plus ', 'Torbica je izrađena od najfinijeg ultra tankog silikona za sve modele telefona,dostupna u više boja.', 1, 0, 0, 21, 274, 35),
(276, '2017-11-17 12:40:39', '2017-11-17 12:40:39', 'Torbica Teracell Skin za Samsung G610F Galaxy J7 Prime', 'Torbica je izrađena od najfinijeg ultra tankog silikona za sve modele telefona,dostupna u više boja.', 1, 0, 0, 20, 283, 35),
(277, '2017-11-17 12:48:00', '2017-11-17 12:48:00', 'Torbica Teracell Skin za Samsung G920 S6', 'Torbica je izrađena od najfinijeg ultra tankog silikona za sve modele telefona,dostupna u više boja.', 1, 0, 0, 20, 287, 35),
(278, '2017-11-17 12:48:12', '2017-11-17 12:48:12', 'Torbica Teracell Skin za Huawei P8 Max ', 'Torbica je izrađena od najfinijeg ultra tankog silikona za sve modele telefona,dostupna u više boja.', 1, 0, 0, 21, 288, 35),
(279, '2017-11-17 12:49:29', '2017-11-17 12:49:29', 'Torbica Teracell Skin za Huawei P9 lite', 'Torbica je izrađena od najfinijeg ultra tankog silikona za sve modele telefona,dostupna u više boja.', 1, 0, 0, 21, 289, 35),
(280, '2017-11-17 12:57:42', '2017-11-17 12:57:42', 'Torbica Teracell Skin za Samsung G928 S6 Edge+ crna', 'Torbica je izrađena od najfinijeg ultra tankog silikona za sve modele telefona,dostupna u više boja.', 1, 0, 0, 20, 290, 35),
(281, '2017-11-17 13:02:28', '2017-11-17 13:02:28', 'Torbica Teracell Skin za Samsung G930 S7', 'Torbica je izrađena od najfinijeg ultra tankog silikona za sve modele telefona,dostupna u više boja.', 1, 0, 0, 20, 291, 35),
(282, '2017-11-17 13:03:29', '2017-11-17 13:03:29', 'Torbica Teracell Skin za Huawei Y6 II ', 'Torbica je izrađena od najfinijeg ultra tankog silikona za sve modele telefona,dostupna u više boja.', 1, 0, 0, 21, 292, 35),
(283, '2017-11-17 13:06:41', '2017-11-17 13:06:41', 'Torbica Teracell Skin za Samsung G935 S7 Edge', 'Torbica je izrađena od najfinijeg ultra tankog silikona za sve modele telefona,dostupna u više boja.', 1, 0, 0, 20, 293, 35),
(284, '2017-11-17 13:06:52', '2017-11-17 13:06:52', ' Torbica Teracell Skin za Samsung G570F Galaxy J5 Prime ', 'Torbica je izrađena od najfinijeg ultra tankog silikona za sve modele telefona,dostupna u više boja.', 1, 0, 0, 20, 294, 35),
(285, '2017-11-17 13:07:53', '2017-11-17 13:22:48', ' Torbica Teracell Skin plus za Samsung G925 S6 Edge', 'Torbica je izrađena od najfinijeg ultra tankog silikona za sve modele telefona,dostupna u više boja.', 1, 0, 0, 20, 298, 35),
(286, '2017-11-17 13:08:13', '2017-11-17 13:08:13', 'Torbica Teracell Skin za Samsung G950 S8', 'Torbica je izrađena od najfinijeg ultra tankog silikona za sve modele telefona,dostupna u više boja.', 1, 0, 0, 20, 296, 35),
(287, '2017-11-17 13:11:38', '2017-11-17 13:11:38', 'Torbica Teracell Skin za Samsung G955 S8 Plus', 'Torbica je izrađena od najfinijeg ultra tankog silikona za sve modele telefona,dostupna u više boja.', 1, 0, 0, 20, 297, 35),
(288, '2017-11-17 13:24:32', '2017-11-17 13:24:32', 'Torbica Teracell Skin za Samsung Galaxy C5', 'Torbica je izrađena od najfinijeg ultra tankog silikona za sve modele telefona,dostupna u više boja.', 1, 0, 0, 20, 299, 35),
(289, '2017-11-17 13:30:36', '2017-11-17 13:30:36', 'Torbica Teracell Skin za Samsung Galaxy C9 Pro', 'Torbica je izrađena od najfinijeg ultra tankog silikona za sve modele telefona,dostupna u više boja.', 1, 0, 0, 20, 300, 35),
(290, '2017-11-17 13:32:16', '2017-11-17 13:32:16', 'Torbica Teracell Skin za Samsung Galaxy C7 ', 'Torbica je izrađena od najfinijeg ultra tankog silikona za sve modele telefona,dostupna u više boja.', 1, 0, 0, 20, 301, 35),
(291, '2017-11-17 13:32:55', '2017-11-17 13:32:55', 'Torbica Teracell Skin za Samsung I9600 S5/G900', 'Torbica je izrađena od najfinijeg ultra tankog silikona za sve modele telefona,dostupna u više boja.', 1, 0, 0, 20, 302, 35),
(292, '2017-11-17 13:36:12', '2017-11-17 13:36:12', 'Torbica Teracell Skin za Samsung J120F Galaxy J1 2016', 'Torbica je izrađena od najfinijeg ultra tankog silikona za sve modele telefona,dostupna u više boja.', 1, 0, 0, 20, 303, 35),
(293, '2017-11-17 13:37:30', '2017-11-17 13:37:30', 'Torbica Teracell Skin za Samsung J210F Galaxy J2 2016 transparen', 'Torbica je izrađena od najfinijeg ultra tankog silikona za sve modele telefona,dostupna u više boja.', 1, 0, 0, 20, 304, 35),
(294, '2017-11-17 13:39:15', '2017-11-17 13:39:15', 'Torbica Teracell Skin za Samsung J320F Galaxy J3 2016', 'Torbica je izrađena od najfinijeg ultra tankog silikona za sve modele telefona,dostupna u više boja.', 1, 0, 0, 20, 305, 35),
(295, '2017-11-17 13:40:57', '2017-11-17 13:40:57', 'Torbica Teracell Skin za Samsung J327P Galaxy J3 2017', 'Torbica je izrađena od najfinijeg ultra tankog silikona za sve modele telefona,dostupna u više boja.', 1, 0, 0, 20, 306, 35),
(296, '2017-11-17 13:43:44', '2017-11-17 13:43:44', 'Torbica Teracell Skin za Samsung J330F Galaxy J3 2017', 'Torbica je izrađena od najfinijeg ultra tankog silikona za sve modele telefona,dostupna u više boja.', 1, 0, 0, 20, 307, 35),
(297, '2017-11-17 13:43:58', '2017-11-17 13:43:58', 'Torbica Teracell Skin za Samsung J500F Galaxy J5', 'Torbica je izrađena od najfinijeg ultra tankog silikona za sve modele telefona,dostupna u više boja.', 1, 0, 0, 20, 308, 35),
(298, '2017-11-17 13:46:46', '2017-11-17 13:46:46', 'Torbica Teracell Skin za Samsung J510F Galaxy J5 2016 ', 'Torbica je izrađena od najfinijeg ultra tankog silikona za sve modele telefona,dostupna u više boja.', 1, 0, 0, 20, 309, 35),
(299, '2017-11-17 13:47:24', '2017-11-17 13:47:24', 'Torbica Teracell Skin za Samsung J527 Galaxy J5 2017', 'Torbica je izrađena od najfinijeg ultra tankog silikona za sve modele telefona,dostupna u više boja.', 1, 0, 0, 20, 310, 35),
(300, '2017-11-17 13:56:43', '2017-11-17 13:56:43', 'Torbica Teracell Skin za Samsung J530F Galaxy J5 2017', 'Torbica je izrađena od najfinijeg ultra tankog silikona za sve modele telefona,dostupna u više boja.', 1, 0, 0, 20, 311, 35),
(301, '2017-11-17 13:59:58', '2017-11-17 13:59:58', 'Torbica Teracell Skin za Samsung J710F Galaxy J7 2016', 'Torbica je izrađena od najfinijeg ultra tankog silikona za sve modele telefona,dostupna u više boja.', 1, 0, 0, 20, 312, 35),
(302, '2017-11-17 14:02:05', '2017-11-17 14:02:06', 'Torbica Teracell Skin za Samsung J727 Galaxy J7 2017', 'Torbica je izrađena od najfinijeg ultra tankog silikona za sve modele telefona,dostupna u više boja.', 1, 0, 0, 20, 313, 35),
(303, '2017-11-17 14:03:01', '2017-11-17 14:03:01', 'Torbica Teracell Skin za Samsung J730F Galaxy J7 2017', 'Torbica je izrađena od najfinijeg ultra tankog silikona za sve modele telefona,dostupna u više boja.', 1, 0, 0, 20, 314, 35),
(304, '2017-11-17 14:06:00', '2017-11-17 14:06:00', 'Torbica Teracell Skin za Samsung J700F Galaxy J7', 'Torbica je izrađena od najfinijeg ultra tankog silikona za sve modele telefona,dostupna u više boja.', 1, 0, 0, 20, 315, 35),
(305, '2017-11-17 14:07:13', '2017-11-17 14:07:13', 'Torbica Teracell Skin za Samsung N920 Note 5', 'Torbica je izrađena od najfinijeg ultra tankog silikona za sve modele telefona,dostupna u više boja.', 1, 0, 0, 20, 316, 35),
(306, '2017-11-17 14:07:41', '2017-11-17 14:07:41', 'Torbica Teracell Skin za Samsung N910 Note 4 ', 'Torbica je izrađena od najfinijeg ultra tankog silikona za sve modele telefona,dostupna u više boja.', 1, 0, 0, 20, 317, 35),
(307, '2017-11-17 14:08:30', '2017-11-17 14:08:30', 'Torbica Teracell Skin za Samsung N950F Note 8', 'Torbica je izrađena od najfinijeg ultra tankog silikona za sve modele telefona,dostupna u više boja.', 1, 0, 0, 20, 318, 35),
(308, '2017-11-17 14:09:20', '2017-11-17 14:09:20', 'Torbica Teracell Skin za Asus Zenfone 2 5.5/ZE551ML ', 'Torbica je izrađena od najfinijeg ultra tankog silikona za sve modele telefona,dostupna u više boja.', 1, 0, 0, 24, 319, 35),
(309, '2017-11-17 14:16:31', '2017-11-17 14:18:38', 'Torbica Teracell Skin za Acer Liquid Zest Z525/Z528', 'Torbica je izrađena od najfinijeg ultra tankog silikona za sve modele telefona,dostupna u više boja.', 0, 0, 0, 20, 320, 35),
(310, '2017-11-17 14:16:34', '2017-11-17 14:18:56', 'Torbica Teracell Skin za Acer Liquid Zest Z525/Z528', 'Torbica je izrađena od najfinijeg ultra tankog silikona za sve modele telefona,dostupna u više boja.', 1, 0, 0, 22, 321, 35),
(311, '2017-11-17 14:17:47', '2017-11-17 14:19:16', 'Torbica Teracell Skin za Acer Liquid Zest Z525/Z528', 'Torbica je izrađena od najfinijeg ultra tankog silikona za sve modele telefona,dostupna u više boja.', 1, 0, 0, 22, 322, 35),
(312, '2017-11-17 14:19:24', '2017-11-17 14:19:24', 'Torbica Teracell Skin za Asus Zenfone 2 5.5/ZE551ML', 'Torbica je izrađena od najfinijeg ultra tankog silikona za sve modele telefona,dostupna u više boja.', 1, 0, 0, 24, 323, 35),
(313, '2017-11-17 14:57:32', '2017-11-17 14:57:32', 'Torbica Teracell Skin za Asus Zenfone 3 Laser ZC551KL', 'Torbica je izrađena od najfinijeg ultra tankog silikona za sve modele telefona,dostupna u više boja.', 1, 0, 0, 24, 324, 35),
(314, '2017-11-17 15:02:31', '2017-11-17 15:02:31', 'Torbica Teracell Skin za Asus Zenfone 3 Zoom ZE553KL', 'Torbica je izrađena od najfinijeg ultra tankog silikona za sve modele telefona,dostupna u više boja.', 1, 0, 0, 24, 325, 35),
(315, '2017-11-17 15:04:47', '2017-11-17 15:04:47', 'Torbica Teracell Skin za Asus Zenfone 4 Max ZC554KL ', 'Torbica je izrađena od najfinijeg ultra tankog silikona za sve modele telefona,dostupna u više boja.', 1, 0, 0, 24, 326, 35),
(316, '2017-11-17 15:05:36', '2017-11-17 15:05:36', 'Torbica Teracell Skin za Asus Zenfone AR ZS571KL', 'Torbica je izrađena od najfinijeg ultra tankog silikona za sve modele telefona,dostupna u više boja.', 1, 0, 0, 24, 327, 35),
(317, '2017-11-17 15:06:56', '2017-11-17 15:06:56', 'Torbica Teracell Skin za Asus Zenfone Zoom ZX551ML ', 'Torbica je izrađena od najfinijeg ultra tankog silikona za sve modele telefona,dostupna u više boja.', 1, 0, 0, 24, 328, 35),
(318, '2017-11-17 17:01:13', '2017-11-17 17:23:16', 'Milica', 'Milica nema opis', 0, 1, 1, 31, 329, 33),
(319, '2017-11-17 17:20:04', '2017-11-17 17:30:10', 'Torbica Glitz Fairytale za iPhone 7/8', 'Torbica izrađena od ultra tankog silikona ukrašena motivima.', 1, 0, 0, 19, 330, 36),
(320, '2017-11-17 17:26:03', '2017-11-17 17:35:37', 'Torbica Glitz Fairytale za iPhone 7/8', 'Torbica izrađena od ultra tankog silikona ukrašena motivima.', 1, 0, 0, 19, 331, 36),
(321, '2017-11-17 17:28:41', '2017-11-17 17:36:07', 'Torbica Glitz Girl za iPhone 6/6S ', 'Torbica izrađena od ultra tankog silikona ukrašena motivima.', 1, 0, 0, 19, 332, 36),
(322, '2017-11-17 17:34:18', '2017-11-17 17:34:18', 'Torbica Glitz Girl za iPhone 7 plus/8 plus', 'Torbica izrađena od ultra tankog silikona ukrašena motivima.', 1, 0, 0, 19, 333, 36),
(323, '2017-11-17 17:39:15', '2017-11-17 17:39:16', 'Torbica Glitz Girl za iPhone 7/8', 'Torbica izrađena od ultra tankog silikona ukrašena motivima.', 1, 0, 0, 19, 334, 36),
(324, '2017-11-17 17:41:54', '2017-11-17 17:41:54', 'Torbica Glitz Girl za iPhone 7/8', 'Torbica izrađena od ultra tankog silikona ukrašena motivima.', 1, 0, 0, 19, 335, 36),
(325, '2017-11-17 17:44:14', '2017-11-17 17:44:14', 'Torbica Glitz Girl za iPhone X ', 'Torbica izrađena od ultra tankog silikona ukrašena motivima.', 1, 0, 0, 19, 336, 36),
(326, '2017-11-17 17:45:36', '2017-11-17 17:45:36', 'Torbica Glitz Girl za iPhone X', 'Torbica izrađena od ultra tankog silikona ukrašena motivima.', 1, 0, 0, 19, 337, 36),
(327, '2017-11-17 17:48:39', '2017-11-17 17:48:39', 'Torbica Glitz Peacocks za iPhone X', 'Torbica izrađena od ultra tankog silikona ukrašena motivima.', 1, 0, 0, 19, 338, 36),
(328, '2017-11-17 17:53:08', '2017-11-17 17:53:08', 'Torbica Glitz Peacocks za iPhone X ', 'Torbica izrađena od ultra tankog silikona ukrašena motivima.', 1, 0, 0, 19, 339, 36),
(329, '2017-11-17 17:55:45', '2017-11-17 17:55:45', 'Torbica Glitz Sunshine za iPhone 6/6S', 'Torbica izrađena od ultra tankog silikona ukrašena motivima.', 1, 0, 0, 19, 340, 36),
(330, '2017-11-17 17:57:54', '2017-11-17 17:57:54', 'Torbica Glitz Sunshine za iPhone 6/6S', 'Torbica izrađena od ultra tankog silikona ukrašena motivima.', 1, 0, 0, 19, 341, 36),
(331, '2017-11-17 17:59:29', '2017-11-17 17:59:29', 'Torbica Glitz Sunshine za iPhone 6/6S', 'Torbica izrađena od ultra tankog silikona ukrašena motivima.', 1, 0, 0, 19, 342, 36),
(332, '2017-11-17 18:01:48', '2017-11-17 18:01:48', 'Torbica Glitz Sunshine za iPhone 6/6S', 'Torbica izrađena od ultra tankog silikona ukrašena motivima.', 1, 0, 0, 19, 343, 36),
(333, '2017-11-17 18:03:04', '2017-11-17 18:03:04', 'Torbica Glitz Sunshine za iPhone 6/6S', 'Torbica izrađena od ultra tankog silikona ukrašena motivima.', 1, 0, 0, 19, 344, 36),
(334, '2017-11-17 18:05:33', '2017-11-17 18:05:33', 'Torbica Glitz Sunshine za iPhone 7/8', 'Torbica izrađena od ultra tankog silikona ukrašena motivima.', 1, 0, 0, 19, 345, 36),
(335, '2017-11-17 18:07:54', '2017-11-17 18:07:54', 'Torbica Glitz Sunshine za iPhone 7/8', 'Torbica izrađena od ultra tankog silikona ukrašena motivima.', 1, 0, 0, 19, 346, 36),
(336, '2017-11-17 18:09:14', '2017-11-17 18:09:14', 'Torbica Glitz Sunshine za iPhone 7/8', 'Torbica izrađena od ultra tankog silikona ukrašena motivima.', 1, 0, 0, 19, 347, 36),
(337, '2017-11-17 18:10:50', '2017-11-17 18:10:50', 'Torbica Glitz Sunshine za iPhone 7/8', 'Torbica izrađena od ultra tankog silikona ukrašena motivima.', 1, 0, 0, 19, 348, 36),
(338, '2017-11-17 18:12:55', '2017-11-17 18:12:55', 'Torbica Glitz Sunshine za iPhone 7/8', 'Torbica izrađena od ultra tankog silikona ukrašena motivima.', 1, 0, 0, 19, 349, 36),
(339, '2017-11-17 18:18:59', '2017-11-17 18:18:59', 'Torbica Glitz Sunshine za iPhone X', 'Torbica izrađena od ultra tankog silikona ukrašena motivima.', 1, 0, 0, 19, 350, 36),
(340, '2017-11-17 18:20:15', '2017-11-17 18:20:15', 'Torbica Glitz Sunshine za iPhone X', 'Torbica izrađena od ultra tankog silikona ukrašena motivima.', 1, 0, 0, 19, 351, 36),
(341, '2017-11-17 18:21:39', '2017-11-17 18:21:39', 'Torbica Glitz Sunshine za iPhone X', 'Torbica izrađena od ultra tankog silikona ukrašena motivima.', 1, 0, 0, 19, 352, 36),
(342, '2017-11-17 18:23:13', '2017-11-17 18:23:13', 'Torbica Glitz Sunshine za iPhone X', 'Torbica izrađena od ultra tankog silikona ukrašena motivima.', 1, 0, 0, 19, 353, 36),
(343, '2017-11-17 18:24:47', '2017-11-17 18:24:47', 'Torbica Glitz Sunshine za iPhone X', 'Torbica izrađena od ultra tankog silikona ukrašena motivima.', 1, 0, 0, 19, 354, 36),
(344, '2017-11-17 18:27:08', '2017-11-17 18:27:08', 'Torbica Glitz za iPhone 6/6S', 'Torbica izrađena od ultra tankog silikona ukrašena motivima.', 1, 0, 0, 19, 355, 36),
(345, '2017-11-17 18:29:00', '2017-11-17 18:29:00', 'Torbica Glitz za iPhone 7 plus/8 plus', 'Torbica izrađena od ultra tankog silikona ukrašena motivima.', 1, 0, 0, 19, 356, 36),
(346, '2017-11-17 18:30:42', '2017-11-17 18:30:42', 'Torbica Glitz za iPhone 7/8', 'Torbica izrađena od ultra tankog silikona ukrašena motivima.', 1, 0, 0, 19, 357, 36),
(347, '2017-11-17 18:33:55', '2017-11-17 18:33:55', 'Torbica Glitz za iPhone X ', 'Torbica izrađena od ultra tankog silikona ukrašena motivima.', 1, 0, 0, 19, 358, 36),
(348, '2017-11-17 18:39:26', '2017-11-17 18:39:54', 'Torbica Glitz Fairytale za Huawei Honor 8 lite/P8 lite 2017/P9 lite 2017', 'Torbica izrađena od ultra tankog silikona ukrašena motivima.', 1, 0, 0, 21, 359, 36),
(349, '2017-11-17 18:41:43', '2017-11-17 18:41:43', 'Torbica Glitz Fairytale za Huawei Honor 8 lite/P8 lite 2017/P9 lite 2017 ', 'Torbica izrađena od ultra tankog silikona ukrašena motivima.', 1, 0, 0, 21, 360, 36),
(350, '2017-11-17 18:43:59', '2017-11-17 18:43:59', 'Torbica Glitz Girl za Huawei Honor 8 lite/P8 lite 2017/P9 lite 2017', 'Torbica izrađena od ultra tankog silikona ukrašena motivima.', 1, 0, 0, 21, 361, 36),
(351, '2017-11-17 18:45:18', '2017-11-17 18:45:18', 'Torbica Glitz Girl za Huawei Honor 8 lite/P8 lite 2017/P9 lite 2017', 'Torbica izrađena od ultra tankog silikona ukrašena motivima.', 1, 0, 0, 21, 362, 36),
(352, '2017-11-17 18:49:23', '2017-11-17 18:49:23', 'Torbica Glitz Girl za Huawei P10 lite', 'Torbica izrađena od ultra tankog silikona ukrašena motivima.', 1, 0, 0, 21, 363, 36),
(353, '2017-11-17 18:58:32', '2017-11-17 18:58:33', 'Torbica Glitz Girl za Huawei P8 lite', 'Torbica izrađena od ultra tankog silikona ukrašena motivima.', 1, 0, 0, 21, 364, 36),
(354, '2017-11-17 19:02:53', '2017-11-17 19:02:53', 'Torbica Glitz Girl za Huawei P8 lite', 'Torbica izrađena od ultra tankog silikona ukrašena motivima.', 1, 0, 0, 21, 365, 36),
(355, '2017-11-17 19:08:02', '2017-11-17 19:08:02', 'Torbica Glitz Girl za Huawei P9 lite', 'Torbica izrađena od ultra tankog silikona ukrašena motivima.', 1, 0, 0, 21, 366, 36),
(356, '2017-11-17 19:11:10', '2017-11-17 19:11:10', 'Torbica Glitz Peacocks za Huawei P10 lite', 'Torbica izrađena od ultra tankog silikona ukrašena motivima.', 1, 0, 0, 21, 367, 36),
(357, '2017-11-17 19:19:17', '2017-11-17 19:19:18', 'Torbica Glitz Peacocks za Huawei P10 lite', 'Torbica izrađena od ultra tankog silikona ukrašena motivima.', 1, 0, 0, 21, 368, 36),
(358, '2017-11-17 19:23:48', '2017-11-17 19:23:48', 'Torbica Glitz Sunshine za Huawei Honor 8 lite/P8 lite 2017/P9 lite 2017', 'Torbica izrađena od ultra tankog silikona ukrašena motivima.', 1, 0, 0, 21, 369, 36),
(359, '2017-11-17 19:25:48', '2017-11-17 19:25:48', 'Torbica Glitz Sunshine za Huawei Honor 8 lite/P8 lite 2017/P9 lite 2017', 'Torbica izrađena od ultra tankog silikona ukrašena motivima.', 1, 0, 0, 21, 370, 36),
(360, '2017-11-17 19:29:28', '2017-11-17 19:29:28', 'Torbica Glitz Sunshine za Huawei Honor 8 lite/P8 lite 2017/P9 lite 2017 ', 'Torbica izrađena od ultra tankog silikona ukrašena motivima.', 1, 0, 0, 21, 371, 36),
(361, '2017-11-17 19:31:09', '2017-11-17 19:31:09', 'Torbica Glitz Sunshine za Huawei Honor 8 lite/P8 lite 2017/P9 lite 2017', 'Torbica izrađena od ultra tankog silikona ukrašena motivima.', 1, 0, 0, 21, 372, 36),
(362, '2017-11-17 19:34:03', '2017-11-17 19:34:03', 'Torbica Glitz Sunshine za Huawei Honor 8 lite/P8 lite 2017/P9 lite 2017', 'Torbica izrađena od ultra tankog silikona ukrašena motivima.', 1, 0, 0, 21, 373, 36),
(363, '2017-11-17 19:37:19', '2017-11-17 19:37:19', 'Torbica Glitz Sunshine za Huawei P10 lite', 'Torbica izrađena od ultra tankog silikona ukrašena motivima.', 1, 0, 0, 21, 374, 36),
(364, '2017-11-17 19:39:53', '2017-11-17 19:39:53', 'Torbica Glitz Sunshine za Huawei P10 lite ', 'Torbica izrađena od ultra tankog silikona ukrašena motivima.', 1, 0, 0, 21, 375, 36),
(365, '2017-11-17 19:41:26', '2017-11-17 19:41:26', 'Torbica Glitz Sunshine za Huawei P10 lite', 'Torbica izrađena od ultra tankog silikona ukrašena motivima.', 1, 0, 0, 21, 376, 36),
(366, '2017-11-17 19:43:37', '2017-11-17 19:43:37', 'Torbica Glitz Sunshine za Huawei P10 lite ', 'Torbica izrađena od ultra tankog silikona ukrašena motivima.', 1, 0, 0, 21, 377, 36),
(367, '2017-11-17 19:47:25', '2017-11-17 19:47:25', 'Torbica Glitz za Huawei Honor 8 lite/P8 lite 2017/P9 lite 2017', 'Torbica izrađena od ultra tankog silikona ukrašena motivima.', 1, 0, 0, 21, 378, 36),
(368, '2017-11-17 19:49:37', '2017-11-17 19:49:37', 'Torbica Teracell Skin za HTC 10 ', 'Torbica je izrađena od najfinijeg ultra tankog silikona za sve modele telefona,dostupna u više boja.', 1, 0, 0, 29, 379, 35),
(369, '2017-11-17 19:50:08', '2017-11-17 19:50:08', 'Torbica Glitz za Huawei P10 lite', 'Torbica izrađena od ultra tankog silikona ukrašena motivima.', 1, 0, 0, 21, 380, 36),
(370, '2017-11-17 19:50:45', '2017-11-17 19:50:45', 'Torbica Teracell Skin za HTC Desire 10', 'Torbica je izrađena od najfinijeg ultra tankog silikona za sve modele telefona,dostupna u više boja.', 1, 0, 0, 29, 381, 35),
(371, '2017-11-17 19:52:22', '2017-11-17 19:52:22', 'Torbica Teracell Skin za HTC One A9', 'Torbica je izrađena od najfinijeg ultra tankog silikona za sve modele telefona,dostupna u više boja.', 1, 0, 0, 29, 382, 35),
(372, '2017-11-17 19:54:28', '2017-11-17 19:54:28', 'Torbica Glitz za Huawei P8 lite', 'Torbica izrađena od ultra tankog silikona ukrašena motivima.', 1, 0, 0, 21, 383, 36),
(373, '2017-11-17 19:58:07', '2017-11-17 19:58:07', 'Torbica Glitz za Huawei P9 lite', 'Torbica izrađena od ultra tankog silikona ukrašena motivima.', 1, 0, 0, 21, 384, 36),
(374, '2017-11-17 19:58:41', '2017-11-17 20:09:05', 'Torbica Teracell Skin za HTC One M9 plus', 'Torbica je izrađena od najfinijeg ultra tankog silikona za sve modele telefona,dostupna u više boja.', 1, 0, 0, 29, 388, 35),
(375, '2017-11-17 20:05:59', '2017-11-17 20:05:59', 'Torbica Glitz Fairytale za Samsung A520F Galaxy A5 2017', 'Torbica izrađena od ultra tankog silikona ukrašena motivima.', 1, 0, 0, 20, 387, 36),
(376, '2017-11-17 20:17:49', '2017-11-17 20:17:49', 'Torbica Glitz Fairytale za Samsung A520F Galaxy A5 2017 ', 'Torbica izrađena od ultra tankog silikona ukrašena motivima.', 1, 0, 0, 20, 389, 36),
(377, '2017-11-17 20:25:55', '2017-11-17 20:25:55', 'Torbica Glitz Fairytale za Samsung G950 S8', 'Torbica izrađena od ultra tankog silikona ukrašena motivima.', 1, 0, 0, 20, 390, 36),
(378, '2017-11-17 20:29:29', '2017-11-17 20:29:29', 'Torbica Glitz Fairytale za Samsung G950 S8 ', 'Torbica izrađena od ultra tankog silikona ukrašena motivima.', 1, 0, 0, 20, 391, 36),
(379, '2017-11-17 20:34:52', '2017-11-17 20:34:52', 'Torbica Glitz Fairytale za Samsung G955 S8 plus ', 'Torbica izrađena od ultra tankog silikona ukrašena motivima.', 1, 0, 0, 20, 392, 36),
(380, '2017-11-17 20:39:00', '2017-11-17 20:39:00', 'Torbica Glitz Fairytale za Samsung G955 S8 plus', 'Torbica izrađena od ultra tankog silikona ukrašena motivima.', 1, 0, 0, 20, 393, 36),
(381, '2017-11-17 20:41:38', '2017-11-17 20:41:38', 'Torbica Teracell Skin za HTC X10/E66 ', 'Torbica je izrađena od najfinijeg ultra tankog silikona za sve modele telefona,dostupna u više boja.', 1, 0, 0, 29, 394, 35),
(382, '2017-11-17 20:43:54', '2017-11-17 20:43:55', 'Torbica Teracell Skin za HTC U11/HTC Ocean ', 'Torbica je izrađena od najfinijeg ultra tankog silikona za sve modele telefona,dostupna u više boja.', 1, 0, 0, 29, 395, 35),
(383, '2017-11-17 20:44:48', '2017-11-17 20:44:48', 'Torbica Glitz Fairytale za Samsung J710F Galaxy J7 2016', 'Torbica izrađena od ultra tankog silikona ukrašena motivima.', 1, 0, 0, 20, 396, 36),
(384, '2017-11-17 20:47:08', '2017-11-17 20:47:08', 'Torbica Glitz Fairytale za Samsung J710F Galaxy J7 2016', 'Torbica izrađena od ultra tankog silikona ukrašena motivima.', 1, 0, 0, 20, 397, 36),
(385, '2017-11-17 20:49:56', '2017-11-17 20:49:56', 'Torbica Glitz Girl za Samsung A510F Galaxy A5 2016 ', 'Torbica izrađena od ultra tankog silikona ukrašena motivima.', 1, 0, 0, 20, 398, 36),
(386, '2017-11-17 20:52:06', '2017-11-17 20:52:06', ' Torbica Glitz Girl za Samsung A520F Galaxy A5 2017 ', 'Torbica izrađena od ultra tankog silikona ukrašena motivima.', 1, 0, 0, 20, 399, 36),
(387, '2017-11-17 20:54:01', '2017-11-17 20:54:01', 'Torbica Glitz Girl za Samsung A520F Galaxy A5 2017 ', 'Torbica izrađena od ultra tankog silikona ukrašena motivima.', 1, 0, 0, 20, 400, 36),
(388, '2017-11-17 21:00:03', '2017-11-17 21:00:03', 'Torbica Glitz Girl za Samsung G935 S7 Edge', 'Torbica izrađena od ultra tankog silikona ukrašena motivima.', 1, 0, 0, 20, 401, 36),
(389, '2017-11-17 21:02:58', '2017-11-17 21:02:58', 'Torbica Glitz Girl za Samsung G935 S7 Edge ', 'Torbica izrađena od ultra tankog silikona ukrašena motivima.', 1, 0, 0, 20, 402, 36),
(390, '2017-11-17 21:05:15', '2017-11-17 21:05:15', 'Torbica Glitz Girl za Samsung G955 S8 Plus', 'Torbica izrađena od ultra tankog silikona ukrašena motivima.', 1, 0, 0, 20, 403, 36),
(391, '2017-11-17 21:13:51', '2017-11-17 21:13:52', 'Torbica Glitz Girl za Samsung G955 S8 Plus', 'Torbica izrađena od ultra tankog silikona ukrašena motivima.', 1, 0, 0, 20, 404, 36),
(392, '2017-11-17 21:15:56', '2017-11-17 21:15:56', 'Torbica Glitz Girl za Samsung J320F Galaxy J3 2016 ', 'Torbica izrađena od ultra tankog silikona ukrašena motivima.', 1, 0, 0, 20, 405, 36),
(393, '2017-11-17 21:18:06', '2017-11-17 21:18:06', 'Torbica Teracell Skin za Lenovo A1000', 'Torbica je izrađena od najfinijeg ultra tankog silikona za sve modele telefona,dostupna u više boja.', 1, 0, 0, 30, 406, 35),
(394, '2017-11-17 21:18:39', '2017-11-17 21:18:39', 'Torbica Teracell Skin za Lenovo A1010/A Plus ', 'Torbica je izrađena od najfinijeg ultra tankog silikona za sve modele telefona,dostupna u više boja.', 1, 0, 0, 30, 407, 35),
(395, '2017-11-17 21:19:19', '2017-11-17 21:19:19', 'Torbica Glitz Girl za Samsung J710F Galaxy J7 2016 ', 'Torbica izrađena od ultra tankog silikona ukrašena motivima.', 1, 0, 0, 20, 408, 36),
(396, '2017-11-17 21:19:26', '2017-11-17 21:23:39', 'Torbica Teracell Skin za Lenovo A2010', 'Torbica je izrađena od najfinijeg ultra tankog silikona za sve modele telefona,dostupna u više boja.', 1, 0, 0, 30, 413, 35),
(397, '2017-11-17 21:20:21', '2017-11-17 21:20:21', 'Torbica Teracell Skin za Lenovo A2020/Vibe C ', 'Torbica je izrađena od najfinijeg ultra tankog silikona za sve modele telefona,dostupna u više boja.', 1, 0, 0, 30, 410, 35),
(398, '2017-11-17 21:21:14', '2017-11-17 21:21:14', 'Torbica Teracell Skin za Lenovo A6000/A6010 ', 'Torbica je izrađena od najfinijeg ultra tankog silikona za sve modele telefona,dostupna u više boja.', 1, 0, 0, 30, 411, 35),
(399, '2017-11-17 21:21:43', '2017-11-17 21:21:43', 'Torbica Teracell Skin za Lenovo A6020/Vibe K5 ', 'Torbica je izrađena od najfinijeg ultra tankog silikona za sve modele telefona,dostupna u više boja.', 1, 0, 0, 30, 412, 35),
(400, '2017-11-17 21:26:30', '2017-11-17 21:26:30', 'Torbica Glitz Girl za Samsung J710F Galaxy J7 2016 ', 'Torbica izrađena od ultra tankog silikona ukrašena motivima.', 1, 0, 0, 20, 414, 36),
(401, '2017-11-17 21:26:55', '2017-11-17 21:32:00', 'Torbica Teracell Skin za Lenovo A7000', 'Torbica je izrađena od najfinijeg ultra tankog silikona za sve modele telefona,dostupna u više boja.', 1, 0, 0, 30, 424, 35),
(402, '2017-11-17 21:27:25', '2017-11-17 21:31:37', 'Torbica Teracell Skin za Lenovo A7010 crna', 'Torbica je izrađena od najfinijeg ultra tankog silikona za sve modele telefona,dostupna u više boja.', 1, 0, 0, 30, 422, 35),
(403, '2017-11-17 21:28:24', '2017-11-17 21:31:12', 'Torbica Teracell Skin za Lenovo K6 crna', 'Torbica je izrađena od najfinijeg ultra tankog silikona za sve modele telefona,dostupna u više boja.', 1, 0, 0, 30, 421, 35),
(404, '2017-11-17 21:29:24', '2017-11-17 21:29:24', 'Torbica Teracell Skin za Lenovo K6 Note', 'Torbica je izrađena od najfinijeg ultra tankog silikona za sve modele telefona,dostupna u više boja.', 1, 0, 0, 30, 418, 35),
(405, '2017-11-17 21:30:10', '2017-11-17 21:30:10', 'Torbica Glitz Girl za Samsung J730F Galaxy J7 2017 ', 'Torbica izrađena od ultra tankog silikona ukrašena motivima.', 1, 0, 0, 20, 419, 36),
(406, '2017-11-17 21:31:39', '2017-11-17 21:31:39', 'Torbica Glitz Girl za Samsung J730F Galaxy J7 2017 ', 'Torbica izrađena od ultra tankog silikona ukrašena motivima.', 1, 0, 0, 20, 423, 36),
(407, '2017-11-17 21:34:05', '2017-11-17 21:34:05', 'Torbica Glitz Peacocks za Samsung G950 S8', 'Torbica izrađena od ultra tankog silikona ukrašena motivima.', 1, 0, 0, 20, 425, 36),
(408, '2017-11-17 21:35:20', '2017-11-17 21:35:20', 'Torbica Teracell Skin za Lenovo Moto C 3G ', 'Torbica je izrađena od najfinijeg ultra tankog silikona za sve modele telefona,dostupna u više boja.', 1, 0, 0, 30, 426, 35),
(409, '2017-11-17 21:35:51', '2017-11-17 21:35:51', 'Torbica Teracell Skin za Lenovo Moto C Plus ', 'Torbica je izrađena od najfinijeg ultra tankog silikona za sve modele telefona,dostupna u više boja.', 1, 0, 0, 30, 427, 35),
(410, '2017-11-17 21:36:35', '2017-11-17 21:36:35', 'Torbica Teracell Skin za Lenovo Moto E2  ', 'Torbica je izrađena od najfinijeg ultra tankog silikona za sve modele telefona,dostupna u više boja.', 1, 0, 0, 30, 428, 35),
(411, '2017-11-17 21:37:05', '2017-11-17 21:37:05', 'Torbica Teracell Skin za Lenovo Moto E3', 'Torbica je izrađena od najfinijeg ultra tankog silikona za sve modele telefona,dostupna u više boja.', 1, 0, 0, 30, 429, 35),
(412, '2017-11-17 21:37:32', '2017-11-17 21:37:32', 'Torbica Teracell Skin za Lenovo P70', 'Torbica je izrađena od najfinijeg ultra tankog silikona za sve modele telefona,dostupna u više boja.', 1, 0, 0, 30, 430, 35),
(413, '2017-11-17 21:38:01', '2017-11-17 21:38:02', 'Torbica Teracell Skin za Lenovo Phab2', 'Torbica je izrađena od najfinijeg ultra tankog silikona za sve modele telefona,dostupna u više boja.', 1, 0, 0, 30, 431, 35),
(414, '2017-11-17 21:38:18', '2017-11-17 21:38:18', 'Torbica Glitz Peacocks za Samsung G950 S8', 'Torbica izrađena od ultra tankog silikona ukrašena motivima.', 1, 0, 0, 20, 432, 36),
(415, '2017-11-17 21:38:57', '2017-11-17 21:38:57', 'Torbica Teracell Skin za Lenovo Phab2 Pro ', 'Torbica je izrađena od najfinijeg ultra tankog silikona za sve modele telefona,dostupna u više boja.', 1, 0, 0, 30, 433, 35),
(416, '2017-11-17 21:40:07', '2017-11-17 21:40:07', 'Torbica Teracell Skin za Lenovo Phab2 Plus ', 'Torbica je izrađena od najfinijeg ultra tankog silikona za sve modele telefona,dostupna u više boja.', 1, 0, 0, 30, 434, 35),
(417, '2017-11-17 21:41:17', '2017-11-17 21:41:17', 'Torbica Teracell Skin za Lenovo Vibe C2', 'Torbica je izrađena od najfinijeg ultra tankog silikona za sve modele telefona,dostupna u više boja.', 1, 0, 0, 30, 435, 35),
(418, '2017-11-17 21:41:47', '2017-11-17 21:41:47', 'Torbica Teracell Skin za Lenovo Vibe P2 ', 'Torbica je izrađena od najfinijeg ultra tankog silikona za sve modele telefona,dostupna u više boja.', 1, 0, 0, 30, 436, 35),
(419, '2017-11-17 21:41:52', '2017-11-17 21:41:52', 'Torbica Glitz Peacocks za Samsung G955 S8 plus ', 'Torbica izrađena od ultra tankog silikona ukrašena motivima.', 1, 0, 0, 20, 437, 36),
(420, '2017-11-17 21:42:33', '2017-11-17 21:42:33', 'Torbica Teracell Skin za Lenovo Vibe S1 Lite ', 'Torbica je izrađena od najfinijeg ultra tankog silikona za sve modele telefona,dostupna u više boja.', 1, 0, 0, 30, 438, 35),
(421, '2017-11-17 21:43:05', '2017-11-17 21:43:06', 'Torbica Teracell Skin za Lenovo Vibe X2', 'Torbica je izrađena od najfinijeg ultra tankog silikona za sve modele telefona,dostupna u više boja.', 1, 0, 0, 30, 439, 35),
(422, '2017-11-17 21:45:44', '2017-11-17 21:45:44', 'Torbica Glitz Peacocks za Samsung G955 S8 plus ', 'Torbica izrađena od ultra tankog silikona ukrašena motivima.', 1, 0, 0, 20, 440, 36),
(423, '2017-11-17 21:48:12', '2017-11-17 21:48:12', 'Torbica Glitz Peacocks za Samsung J330F Galaxy J3 2017', 'Torbica izrađena od ultra tankog silikona ukrašena motivima.', 1, 0, 0, 20, 441, 36),
(424, '2017-11-17 21:49:57', '2017-11-17 21:49:57', 'Torbica Glitz Peacocks za Samsung J530F Galaxy J5 2017', 'Torbica izrađena od ultra tankog silikona ukrašena motivima.', 1, 0, 0, 20, 442, 36),
(425, '2017-11-17 21:51:29', '2017-11-17 21:51:29', 'Torbica Glitz Peacocks za Samsung J530F Galaxy J5 2017', 'Torbica izrađena od ultra tankog silikona ukrašena motivima.', 1, 0, 0, 20, 443, 36),
(426, '2017-11-17 21:53:07', '2017-11-17 21:53:07', 'Torbica Glitz Peacocks za Samsung J730F Galaxy J7 2017', 'Torbica izrađena od ultra tankog silikona ukrašena motivima.', 1, 0, 0, 20, 444, 36),
(427, '2017-11-17 21:54:42', '2017-11-17 21:54:42', 'Torbica Glitz Peacocks za Samsung J730F Galaxy J7 2017', 'Torbica izrađena od ultra tankog silikona ukrašena motivima.', 1, 0, 0, 20, 445, 36),
(428, '2017-11-17 21:56:23', '2017-11-17 21:56:23', 'Torbica Glitz Peacocks za Samsung N950F Note 8 ', 'Torbica izrađena od ultra tankog silikona ukrašena motivima.', 1, 0, 0, 20, 446, 36),
(429, '2017-11-17 21:57:55', '2017-11-17 21:57:55', 'Torbica Glitz Sunshine za Samsung A520F Galaxy A5 2017 ', 'Torbica izrađena od ultra tankog silikona ukrašena motivima.', 1, 0, 0, 20, 447, 36),
(430, '2017-11-17 21:59:37', '2017-11-17 21:59:37', 'Torbica Glitz Sunshine za Samsung A520F Galaxy A5 2017 ', 'Torbica izrađena od ultra tankog silikona ukrašena motivima.', 1, 0, 0, 20, 448, 36),
(431, '2017-11-17 22:02:17', '2017-11-17 22:02:17', 'Torbica Glitz Sunshine za Samsung A520F Galaxy A5 2017', 'Torbica izrađena od ultra tankog silikona ukrašena motivima.', 1, 0, 0, 20, 449, 36),
(432, '2017-11-17 22:03:59', '2017-11-17 22:03:59', 'Torbica Glitz Sunshine za Samsung A520F Galaxy A5 2017 ', 'Torbica izrađena od ultra tankog silikona ukrašena motivima.', 1, 0, 0, 20, 450, 36),
(433, '2017-11-17 22:05:47', '2017-11-17 22:05:47', 'Torbica Glitz Sunshine za Samsung A520F Galaxy A5 2017 ', 'Torbica izrađena od ultra tankog silikona ukrašena motivima.', 1, 0, 0, 20, 451, 36),
(434, '2017-11-17 22:07:54', '2017-11-17 22:07:54', 'Torbica Glitz Sunshine za Samsung G950 S8 ', 'Torbica izrađena od ultra tankog silikona ukrašena motivima.', 1, 0, 0, 20, 452, 36),
(435, '2017-11-17 22:09:37', '2017-11-17 22:09:37', 'Torbica Glitz Sunshine za Samsung G950 S8', 'Torbica izrađena od ultra tankog silikona ukrašena motivima.', 1, 0, 0, 20, 453, 36),
(436, '2017-11-17 22:11:56', '2017-11-17 22:11:57', 'Torbica Glitz Sunshine za Samsung G950 S8', 'Torbica izrađena od ultra tankog silikona ukrašena motivima.', 1, 0, 0, 20, 454, 36),
(437, '2017-11-17 22:15:08', '2017-11-17 22:15:08', 'Torbica Glitz Sunshine za Samsung G950 S8', 'Torbica izrađena od ultra tankog silikona ukrašena motivima.', 1, 0, 0, 20, 455, 36),
(438, '2017-11-17 22:16:53', '2017-11-17 22:16:53', 'Torbica Glitz Sunshine za Samsung G950 S8', 'Torbica izrađena od ultra tankog silikona ukrašena motivima.', 1, 0, 0, 20, 456, 36),
(439, '2017-11-17 22:18:44', '2017-11-17 22:18:44', 'Torbica Glitz Sunshine za Samsung G955 S8 plus ', 'Torbica izrađena od ultra tankog silikona ukrašena motivima.', 1, 0, 0, 20, 457, 36),
(440, '2017-11-17 22:22:29', '2017-11-17 22:22:29', 'Torbica Glitz Sunshine za Samsung G955 S8 plus ', 'Torbica izrađena od ultra tankog silikona ukrašena motivima.', 1, 0, 0, 20, 458, 36),
(441, '2017-11-17 22:23:34', '2017-11-17 22:23:34', 'Torbica Teracell Skin za LG G5/H850', 'Torbica je izrađena od najfinijeg ultra tankog silikona za sve modele telefona,dostupna u više boja.', 1, 0, 0, 40, 459, 35),
(442, '2017-11-17 22:24:43', '2017-11-17 22:24:44', 'Torbica Glitz Sunshine za Samsung G955 S8 plus ', 'Torbica izrađena od ultra tankog silikona ukrašena motivima.', 1, 0, 0, 20, 460, 36),
(443, '2017-11-17 22:26:11', '2017-11-17 22:26:11', 'Torbica Teracell Skin za LG G6/H870', 'Torbica je izrađena od najfinijeg ultra tankog silikona za sve modele telefona,dostupna u više boja.', 1, 0, 0, 40, 461, 35),
(444, '2017-11-17 22:27:04', '2017-11-17 22:27:04', 'Torbica Teracell Skin za LG K10 2017/M250N ', 'Torbica je izrađena od najfinijeg ultra tankog silikona za sve modele telefona,dostupna u više boja.', 1, 0, 0, 40, 462, 35),
(445, '2017-11-17 22:27:49', '2017-11-17 22:27:49', 'Torbica Teracell Skin za LG K10/K420N ', 'Torbica je izrađena od najfinijeg ultra tankog silikona za sve modele telefona,dostupna u više boja.', 1, 0, 0, 40, 463, 35),
(446, '2017-11-17 22:28:10', '2017-11-17 22:28:10', 'Torbica Glitz Sunshine za Samsung G955 S8 plus ', 'Torbica izrađena od ultra tankog silikona ukrašena motivima.', 1, 0, 0, 20, 464, 36),
(447, '2017-11-17 22:28:49', '2017-11-17 22:28:49', 'Torbica Teracell Skin za LG K3 2017', 'Torbica je izrađena od najfinijeg ultra tankog silikona za sve modele telefona,dostupna u više boja.', 1, 0, 0, 40, 465, 35),
(448, '2017-11-17 22:29:16', '2017-11-17 22:29:16', 'Torbica Teracell Skin za LG K4 2017', 'Torbica je izrađena od najfinijeg ultra tankog silikona za sve modele telefona,dostupna u više boja.', 1, 0, 0, 40, 466, 35),
(449, '2017-11-17 22:29:55', '2017-11-17 22:29:55', 'Torbica Teracell Skin za LG K7 ', 'Torbica je izrađena od najfinijeg ultra tankog silikona za sve modele telefona,dostupna u više boja.', 1, 0, 0, 40, 467, 35),
(450, '2017-11-17 22:30:30', '2017-11-17 22:30:30', 'Torbica Glitz Sunshine za Samsung G955 S8 plus ', 'Torbica izrađena od ultra tankog silikona ukrašena motivima.', 1, 0, 0, 20, 468, 36);
INSERT INTO `products` (`id`, `created_at`, `updated_at`, `name`, `description`, `is_active`, `is_offer`, `special`, `brand_id`, `picture_id`, `type_id`) VALUES
(451, '2017-11-17 22:30:30', '2017-11-17 22:30:30', 'Torbica Teracell Skin za LG K8 2017 ', 'Torbica je izrađena od najfinijeg ultra tankog silikona za sve modele telefona,dostupna u više boja.', 1, 0, 0, 40, 469, 35),
(452, '2017-11-17 22:31:15', '2017-11-17 22:31:15', 'Torbica Teracell Skin za LG Nexus 5/D821', 'Torbica je izrađena od najfinijeg ultra tankog silikona za sve modele telefona,dostupna u više boja.', 1, 0, 0, 40, 470, 35),
(453, '2017-11-17 22:31:33', '2017-11-17 22:31:33', 'Torbica Teracell Skin za LG Nexus 5X ', 'Torbica je izrađena od najfinijeg ultra tankog silikona za sve modele telefona,dostupna u više boja.', 1, 0, 0, 40, 471, 35),
(454, '2017-11-17 22:31:56', '2017-11-17 22:31:56', 'Torbica Teracell Skin za LG Q6/M700N', 'Torbica je izrađena od najfinijeg ultra tankog silikona za sve modele telefona,dostupna u više boja.', 1, 0, 0, 40, 472, 35),
(455, '2017-11-17 22:33:09', '2017-11-17 22:33:09', 'Torbica Teracell Skin za LG X Cam', 'Torbica je izrađena od najfinijeg ultra tankog silikona za sve modele telefona,dostupna u više boja.', 1, 0, 0, 40, 473, 35),
(456, '2017-11-17 22:33:32', '2017-11-17 22:33:32', 'Torbica Teracell Skin za LG X screen', 'Torbica je izrađena od najfinijeg ultra tankog silikona za sve modele telefona,dostupna u više boja.', 1, 0, 0, 40, 474, 35),
(457, '2017-11-17 22:35:07', '2017-11-18 13:05:30', 'Torbica Teracell Skin za Meizu MX6', 'Torbica je izrađena od najfinijeg ultra tankog silikona za sve modele telefona,dostupna u više boja.', 1, 0, 0, 31, 555, 35),
(458, '2017-11-17 22:50:55', '2017-11-17 22:50:55', 'Torbica Glitz Sunshine za Samsung J320F Galaxy J3 2016 ', 'Torbica izrađena od ultra tankog silikona ukrašena motivima.', 1, 0, 0, 20, 476, 36),
(459, '2017-11-17 22:53:02', '2017-11-17 22:53:02', 'Torbica Glitz Sunshine za Samsung J320F Galaxy J3 2016', 'Torbica izrađena od ultra tankog silikona ukrašena motivima.', 1, 0, 0, 20, 477, 36),
(460, '2017-11-17 22:56:44', '2017-11-17 22:56:44', 'Torbica Glitz Sunshine za Samsung J320F Galaxy J3 2016', 'Torbica izrađena od ultra tankog silikona ukrašena motivima.', 1, 0, 0, 20, 478, 36),
(461, '2017-11-17 22:58:17', '2017-11-17 22:58:17', 'Torbica Glitz Sunshine za Samsung J320F Galaxy J3 2016', 'Torbica izrađena od ultra tankog silikona ukrašena motivima.', 1, 0, 0, 20, 479, 36),
(462, '2017-11-17 23:00:18', '2017-11-17 23:00:18', 'Torbica Glitz Sunshine za Samsung J330F Galaxy J3 2017', 'Torbica izrađena od ultra tankog silikona ukrašena motivima.', 1, 0, 0, 20, 480, 36),
(463, '2017-11-17 23:01:42', '2017-11-17 23:01:42', 'Torbica Glitz Sunshine za Samsung J330F Galaxy J3 2017', 'Torbica izrađena od ultra tankog silikona ukrašena motivima.', 1, 0, 0, 20, 481, 36),
(464, '2017-11-17 23:06:39', '2017-11-17 23:06:39', 'Torbica Glitz Sunshine za Samsung J330F Galaxy J3 2017', 'Torbica izrađena od ultra tankog silikona ukrašena motivima.', 1, 0, 0, 20, 482, 36),
(465, '2017-11-17 23:08:31', '2017-11-17 23:08:31', 'Torbica Glitz Sunshine za Samsung J330F Galaxy J3 2017', 'Torbica izrađena od ultra tankog silikona ukrašena motivima.', 1, 0, 0, 20, 483, 36),
(466, '2017-11-17 23:10:14', '2017-11-17 23:10:14', 'Torbica Glitz Sunshine za Samsung J510F Galaxy J5 2016', 'Torbica izrađena od ultra tankog silikona ukrašena motivima.', 1, 0, 0, 20, 484, 36),
(467, '2017-11-17 23:12:04', '2017-11-17 23:12:04', 'Torbica Glitz Sunshine za Samsung J510F Galaxy J5 2016 ', 'Torbica izrađena od ultra tankog silikona ukrašena motivima.', 1, 0, 0, 20, 485, 36),
(468, '2017-11-17 23:13:45', '2017-11-17 23:13:45', 'Torbica Glitz Sunshine za Samsung J510F Galaxy J5 2016', 'Torbica izrađena od ultra tankog silikona ukrašena motivima.', 1, 0, 0, 20, 486, 36),
(469, '2017-11-17 23:15:17', '2017-11-17 23:15:17', 'Torbica Glitz Sunshine za Samsung J510F Galaxy J5 2016', 'Torbica izrađena od ultra tankog silikona ukrašena motivima.', 1, 0, 0, 20, 487, 36),
(470, '2017-11-17 23:17:08', '2017-11-17 23:17:08', 'Torbica Glitz Sunshine za Samsung J510F Galaxy J5 2016', 'Torbica izrađena od ultra tankog silikona ukrašena motivima.', 1, 0, 0, 20, 488, 36),
(471, '2017-11-17 23:18:58', '2017-11-17 23:18:58', 'Torbica Glitz Sunshine za Samsung J530F Galaxy J5 2017', 'Torbica izrađena od ultra tankog silikona ukrašena motivima.', 1, 0, 0, 20, 489, 36),
(472, '2017-11-17 23:20:19', '2017-11-17 23:20:19', 'Torbica Glitz Sunshine za Samsung J530F Galaxy J5 2017', 'Torbica izrađena od ultra tankog silikona ukrašena motivima.', 1, 0, 0, 20, 490, 36),
(473, '2017-11-17 23:23:15', '2017-11-17 23:23:15', 'Torbica Glitz Sunshine za Samsung J530F Galaxy J5 2017', 'Torbica izrađena od ultra tankog silikona ukrašena motivima.', 1, 0, 0, 20, 491, 36),
(474, '2017-11-17 23:24:34', '2017-11-17 23:24:34', 'Torbica Glitz Sunshine za Samsung J530F Galaxy J5 2017 ', 'Torbica izrađena od ultra tankog silikona ukrašena motivima.', 1, 0, 0, 20, 492, 36),
(475, '2017-11-17 23:25:45', '2017-11-17 23:25:45', 'Torbica Glitz Sunshine za Samsung J530F Galaxy J5 2017', 'Torbica izrađena od ultra tankog silikona ukrašena motivima.', 1, 0, 0, 20, 493, 36),
(476, '2017-11-17 23:26:57', '2017-11-17 23:26:57', 'Torbica Glitz Sunshine za Samsung J710F Galaxy J7 2016 ', 'Torbica izrađena od ultra tankog silikona ukrašena motivima.', 1, 0, 0, 20, 494, 36),
(477, '2017-11-17 23:28:18', '2017-11-17 23:28:18', 'Torbica Glitz Sunshine za Samsung J710F Galaxy J7 2016', 'Torbica izrađena od ultra tankog silikona ukrašena motivima.', 1, 0, 0, 20, 495, 36),
(478, '2017-11-17 23:30:00', '2017-11-17 23:30:00', 'Torbica Glitz Sunshine za Samsung J710F Galaxy J7 2016 ', 'Torbica izrađena od ultra tankog silikona ukrašena motivima.', 1, 0, 0, 20, 496, 36),
(479, '2017-11-17 23:31:33', '2017-11-17 23:31:33', 'Torbica Glitz Sunshine za Samsung J710F Galaxy J7 2016 ', 'Torbica izrađena od ultra tankog silikona ukrašena motivima.', 1, 0, 0, 20, 497, 36),
(480, '2017-11-17 23:33:18', '2017-11-17 23:33:18', 'Torbica Glitz Sunshine za Samsung J710F Galaxy J7 2016', 'Torbica izrađena od ultra tankog silikona ukrašena motivima.', 1, 0, 0, 20, 498, 36),
(481, '2017-11-17 23:34:51', '2017-11-17 23:34:51', 'Torbica Glitz Sunshine za Samsung J730F Galaxy J7 2017 ', 'Torbica izrađena od ultra tankog silikona ukrašena motivima.', 1, 0, 0, 20, 499, 36),
(482, '2017-11-17 23:36:59', '2017-11-17 23:36:59', 'Torbica Glitz Sunshine za Samsung J730F Galaxy J7 2017', 'Torbica izrađena od ultra tankog silikona ukrašena motivima.', 1, 0, 0, 20, 500, 36),
(483, '2017-11-17 23:38:24', '2017-11-17 23:38:24', 'Torbica Glitz Sunshine za Samsung J730F Galaxy J7 2017 ', 'Torbica izrađena od ultra tankog silikona ukrašena motivima.', 1, 0, 0, 20, 501, 36),
(484, '2017-11-17 23:40:07', '2017-11-17 23:40:07', 'Torbica Glitz Sunshine za Samsung J730F Galaxy J7 2017', 'Torbica izrađena od ultra tankog silikona ukrašena motivima.', 1, 0, 0, 20, 502, 36),
(485, '2017-11-17 23:41:41', '2017-11-17 23:41:41', 'Torbica Glitz Sunshine za Samsung J730F Galaxy J7 2017 ', 'Torbica izrađena od ultra tankog silikona ukrašena motivima.', 1, 0, 0, 20, 503, 36),
(486, '2017-11-17 23:43:02', '2017-11-17 23:43:02', 'Torbica Glitz Sunshine za Samsung N950F Note 8', 'Torbica izrađena od ultra tankog silikona ukrašena motivima.', 1, 0, 0, 20, 504, 36),
(487, '2017-11-17 23:45:39', '2017-11-17 23:45:39', 'Torbica Glitz Sunshine za Samsung N950F Note 8 ', 'Torbica izrađena od ultra tankog silikona ukrašena motivima.', 1, 0, 0, 20, 505, 36),
(488, '2017-11-17 23:47:24', '2017-11-17 23:47:24', 'Torbica Glitz Sunshine za Samsung N950F Note 8 ', 'Torbica izrađena od ultra tankog silikona ukrašena motivima.', 1, 0, 0, 20, 506, 36),
(489, '2017-11-17 23:48:54', '2017-11-17 23:48:54', 'Torbica Glitz Sunshine za Samsung N950F Note 8 ', 'Torbica izrađena od ultra tankog silikona ukrašena motivima.', 1, 0, 0, 20, 507, 36),
(490, '2017-11-17 23:50:38', '2017-11-17 23:50:38', 'Torbica Glitz Sunshine za Samsung N950F Note 8 ', 'Torbica izrađena od ultra tankog silikona ukrašena motivima.', 1, 0, 0, 20, 508, 36),
(491, '2017-11-17 23:52:03', '2017-11-17 23:52:03', 'Torbica Glitz za Samsung A310F Galaxy A3 2016', 'Torbica izrađena od ultra tankog silikona ukrašena motivima.', 1, 0, 0, 20, 509, 36),
(492, '2017-11-17 23:54:10', '2017-11-17 23:54:10', 'Torbica Glitz za Samsung A320F Galaxy A3 2017', 'Torbica izrađena od ultra tankog silikona ukrašena motivima.', 1, 0, 0, 20, 510, 36),
(493, '2017-11-17 23:56:13', '2017-11-17 23:56:13', 'Torbica Glitz za Samsung A510F Galaxy A5 2016', 'Torbica izrađena od ultra tankog silikona ukrašena motivima.', 1, 0, 0, 20, 511, 36),
(494, '2017-11-17 23:57:53', '2017-11-17 23:57:53', 'Torbica Glitz za Samsung A520F Galaxy A5 2017', 'Torbica izrađena od ultra tankog silikona ukrašena motivima.', 1, 0, 0, 20, 512, 36),
(495, '2017-11-17 23:59:42', '2017-11-17 23:59:42', 'Torbica Glitz za Samsung A720F Galaxy A7 2017 ', 'Torbica izrađena od ultra tankog silikona ukrašena motivima.', 1, 0, 0, 20, 513, 36),
(496, '2017-11-18 00:01:50', '2017-11-18 00:01:50', 'Torbica Glitz za Samsung G930 S7', 'Torbica izrađena od ultra tankog silikona ukrašena motivima.', 1, 0, 0, 20, 514, 36),
(497, '2017-11-18 00:03:36', '2017-11-18 00:03:36', 'Torbica Glitz za Samsung G935 S7 Edge', 'Torbica izrađena od ultra tankog silikona ukrašena motivima.', 1, 0, 0, 20, 515, 36),
(498, '2017-11-18 00:05:33', '2017-11-18 00:05:33', 'Torbica Glitz za Samsung G950 S8', 'Torbica izrađena od ultra tankog silikona ukrašena motivima.', 1, 0, 0, 20, 516, 36),
(499, '2017-11-18 00:06:59', '2017-11-18 00:06:59', 'Torbica Glitz za Samsung G955 S8 Plus ', 'Torbica izrađena od ultra tankog silikona ukrašena motivima.', 1, 0, 0, 20, 517, 36),
(500, '2017-11-18 00:08:55', '2017-11-18 00:08:56', 'Torbica Glitz za Samsung J320F Galaxy J3 2016 ', 'Torbica izrađena od ultra tankog silikona ukrašena motivima.', 1, 0, 0, 20, 518, 36),
(501, '2017-11-18 00:11:19', '2017-11-18 00:11:19', 'Torbica Glitz za Samsung J330F Galaxy J3 2017 ', 'Torbica izrađena od ultra tankog silikona ukrašena motivima.', 1, 0, 0, 20, 519, 36),
(502, '2017-11-18 00:13:02', '2017-11-18 00:13:02', 'Torbica Glitz za Samsung J510F Galaxy J5 2016', 'Torbica izrađena od ultra tankog silikona ukrašena motivima.', 1, 0, 0, 20, 520, 36),
(503, '2017-11-18 00:14:27', '2017-11-18 00:14:27', 'Torbica Glitz za Samsung J530F Galaxy J5 2017', 'Torbica izrađena od ultra tankog silikona ukrašena motivima.', 1, 0, 0, 20, 521, 36),
(504, '2017-11-18 00:17:04', '2017-11-18 00:17:04', 'Torbica Glitz za Samsung J710F Galaxy J7 2016 ', 'Torbica izrađena od ultra tankog silikona ukrašena motivima.', 1, 0, 0, 20, 522, 36),
(505, '2017-11-18 00:19:47', '2017-11-18 00:19:47', 'Torbica Glitz za Samsung J730F Galaxy J7 2017', 'Torbica izrađena od ultra tankog silikona ukrašena motivima.', 1, 0, 0, 20, 523, 36),
(506, '2017-11-18 09:24:52', '2017-11-18 09:24:52', 'Torbica Teracell Skin za Meizu MX5', 'Torbica je izrađena od najfinijeg ultra tankog silikona za sve modele telefona,dostupna u više boja.', 1, 0, 0, 31, 524, 35),
(507, '2017-11-18 11:44:52', '2017-11-18 11:44:52', 'Torbica Teracell Skin za Motorola XT1793 Moto G5S ', 'Torbica je izrađena od najfinijeg ultra tankog silikona za sve modele telefona,dostupna u više boja.', 1, 0, 0, 33, 525, 35),
(508, '2017-11-18 11:45:27', '2017-11-18 11:45:27', 'Torbica Teracell Skin za Motorola XT1685 Moto G5S Plus', 'Torbica je izrađena od najfinijeg ultra tankog silikona za sve modele telefona,dostupna u više boja.', 1, 0, 0, 33, 526, 35),
(509, '2017-11-18 11:46:13', '2017-11-18 11:46:13', 'Torbica Teracell Skin za Motorola Moto Z2 Play', 'Torbica je izrađena od najfinijeg ultra tankog silikona za sve modele telefona,dostupna u više boja.', 1, 0, 0, 33, 527, 35),
(510, '2017-11-18 11:46:52', '2017-11-18 11:46:52', 'Torbica Teracell Skin za Motorola Moto E4 Plus ', 'Torbica je izrađena od najfinijeg ultra tankog silikona za sve modele telefona,dostupna u više boja.', 1, 0, 0, 33, 528, 35),
(511, '2017-11-18 11:47:33', '2017-11-18 11:47:33', 'Torbica Teracell Skin za Motorola Moto X ', 'Torbica je izrađena od najfinijeg ultra tankog silikona za sve modele telefona,dostupna u više boja.', 1, 0, 0, 33, 529, 35),
(512, '2017-11-18 11:55:08', '2017-11-18 11:55:08', 'Torbica Teracell Skin za Motorola Moto G4 ', 'Torbica je izrađena od najfinijeg ultra tankog silikona za sve modele telefona,dostupna u više boja.', 1, 0, 0, 33, 530, 35),
(513, '2017-11-18 11:56:05', '2017-11-18 11:56:05', 'Torbica Teracell Skin za Motorola Moto G3', 'Torbica je izrađena od najfinijeg ultra tankog silikona za sve modele telefona,dostupna u više boja.', 1, 0, 0, 33, 531, 35),
(514, '2017-11-18 11:56:45', '2017-11-18 11:56:45', 'Torbica Teracell Skin za Motorola Moto G2', 'Torbica je izrađena od najfinijeg ultra tankog silikona za sve modele telefona,dostupna u više boja.', 1, 0, 0, 33, 532, 35),
(515, '2017-11-18 12:31:21', '2017-11-18 12:31:21', 'Torbica Teracell Skin za Sony Xperia C5 Ultra/E5553 ', 'Torbica je izrađena od najfinijeg ultra tankog silikona za sve modele telefona,dostupna u više boja.', 1, 0, 0, 35, 533, 35),
(516, '2017-11-18 12:33:13', '2017-11-18 12:33:13', 'Torbica Teracell Skin za Sony Xperia E1/D2005 ', 'Torbica je izrađena od najfinijeg ultra tankog silikona za sve modele telefona,dostupna u više boja.', 1, 0, 0, 35, 534, 35),
(517, '2017-11-18 12:34:37', '2017-11-18 12:34:37', 'Torbica Teracell Skin za Sony Xperia E3/D2203', 'Torbica je izrađena od najfinijeg ultra tankog silikona za sve modele telefona,dostupna u više boja.', 1, 0, 0, 35, 535, 35),
(518, '2017-11-18 12:37:02', '2017-11-18 12:37:02', 'Torbica Teracell Skin za Sony Xperia E4/E2105', 'Torbica je izrađena od najfinijeg ultra tankog silikona za sve modele telefona,dostupna u više boja.', 1, 0, 0, 35, 536, 35),
(519, '2017-11-18 12:39:12', '2017-11-18 12:39:12', 'Torbica Teracell Skin za Sony Xperia E4g/E2003 ', 'Torbica je izrađena od najfinijeg ultra tankog silikona za sve modele telefona,dostupna u više boja.', 1, 0, 0, 35, 537, 35),
(520, '2017-11-18 12:43:39', '2017-11-18 12:43:39', 'Torbica Teracell Skin za Sony Xperia E5 ', 'Torbica je izrađena od najfinijeg ultra tankog silikona za sve modele telefona,dostupna u više boja.', 1, 0, 0, 35, 538, 35),
(521, '2017-11-18 12:47:57', '2017-11-18 12:47:57', 'Torbica Teracell Skin za Sony Xperia L1 ', 'Torbica je izrađena od najfinijeg ultra tankog silikona za sve modele telefona,dostupna u više boja.', 1, 0, 0, 35, 539, 35),
(522, '2017-11-18 12:50:02', '2017-11-18 12:50:02', 'Torbica Teracell Skin za Sony Xperia M2/D2305 ', 'Torbica je izrađena od najfinijeg ultra tankog silikona za sve modele telefona,dostupna u više boja.', 1, 0, 0, 35, 540, 35),
(523, '2017-11-18 12:51:26', '2017-11-18 12:51:26', 'Torbica Teracell Skin za Nokia 3', 'Torbica je izrađena od najfinijeg ultra tankog silikona za sve modele telefona,dostupna u više boja.', 1, 0, 0, 34, 541, 35),
(524, '2017-11-18 12:51:50', '2017-11-18 12:51:50', 'Torbica Teracell Skin za Sony Xperia M4 Aqua/E2303 ', 'Torbica je izrađena od najfinijeg ultra tankog silikona za sve modele telefona,dostupna u više boja.', 1, 0, 0, 35, 542, 35),
(525, '2017-11-18 12:52:38', '2017-11-18 12:52:38', 'Torbica Teracell Skin za Nokia 5', 'Torbica je izrađena od najfinijeg ultra tankog silikona za sve modele telefona,dostupna u više boja.', 1, 0, 0, 34, 543, 35),
(526, '2017-11-18 12:53:05', '2017-11-18 12:53:05', 'Torbica Teracell Skin za Nokia 6', 'Torbica je izrađena od najfinijeg ultra tankog silikona za sve modele telefona,dostupna u više boja.', 1, 0, 0, 34, 544, 35),
(527, '2017-11-18 12:53:26', '2017-11-18 12:53:26', 'Teracell Skin za Sony Xperia M5/E5653 ', 'Torbica je izrađena od najfinijeg ultra tankog silikona za sve modele telefona,dostupna u više boja.', 1, 0, 0, 35, 545, 35),
(528, '2017-11-18 12:53:40', '2017-11-18 12:53:40', 'Torbica Teracell Skin za Nokia 8', 'Torbica je izrađena od najfinijeg ultra tankog silikona za sve modele telefona,dostupna u više boja.', 1, 0, 0, 34, 546, 35),
(529, '2017-11-18 12:55:12', '2017-11-18 12:55:12', 'Torbica Teracell Skin za Sony Xperia T2 Ultra/D5303/D5322 ', 'Torbica je izrađena od najfinijeg ultra tankog silikona za sve modele telefona,dostupna u više boja.', 1, 0, 0, 35, 547, 35),
(530, '2017-11-18 12:56:31', '2017-11-18 12:56:31', 'Torbica Teracell Skin za Sony Xperia T3/D5103 ', 'Torbica je izrađena od najfinijeg ultra tankog silikona za sve modele telefona,dostupna u više boja.', 1, 0, 0, 35, 548, 35),
(531, '2017-11-18 12:57:51', '2017-11-18 12:57:51', 'Torbica Teracell Skin za Sony Xperia X', 'Torbica je izrađena od najfinijeg ultra tankog silikona za sve modele telefona,dostupna u više boja.', 1, 0, 0, 35, 549, 35),
(532, '2017-11-18 12:58:51', '2017-11-18 12:58:51', 'Torbica Teracell Skin za Sony Xperia XA', 'Torbica je izrađena od najfinijeg ultra tankog silikona za sve modele telefona,dostupna u više boja.', 1, 0, 0, 35, 550, 35),
(533, '2017-11-18 13:00:00', '2017-11-18 13:00:00', 'Torbica Teracell Skin za Sony Xperia XA Ultra ', 'Torbica je izrađena od najfinijeg ultra tankog silikona za sve modele telefona,dostupna u više boja.', 1, 0, 0, 35, 551, 35),
(534, '2017-11-18 13:02:28', '2017-11-18 13:02:28', 'Torbica Teracell Skin za Sony Xperia XA1', 'Torbica je izrađena od najfinijeg ultra tankog silikona za sve modele telefona,dostupna u više boja.', 1, 0, 0, 35, 552, 35),
(535, '2017-11-18 13:03:24', '2017-11-18 13:03:24', 'Torbica Teracell Skin za Sony Xperia XA1 Ultra', 'Torbica je izrađena od najfinijeg ultra tankog silikona za sve modele telefona,dostupna u više boja.', 1, 0, 0, 35, 553, 35),
(536, '2017-11-18 13:04:38', '2017-11-18 13:04:38', 'Torbica Teracell Skin za Sony Xperia XZ', 'Torbica je izrađena od najfinijeg ultra tankog silikona za sve modele telefona,dostupna u više boja.', 1, 0, 0, 35, 554, 35),
(537, '2017-11-18 13:05:44', '2017-11-18 13:05:44', 'Torbica Teracell Skin za Sony Xperia XZ', 'Torbica je izrađena od najfinijeg ultra tankog silikona za sve modele telefona,dostupna u više boja.', 1, 0, 0, 35, 556, 35),
(538, '2017-11-18 13:06:43', '2017-11-18 13:06:43', 'Torbica Teracell Skin za Sony Xperia XZ1', 'Torbica je izrađena od najfinijeg ultra tankog silikona za sve modele telefona,dostupna u više boja.', 1, 0, 0, 35, 557, 35),
(539, '2017-11-18 13:07:55', '2017-11-18 13:07:55', 'Torbica Teracell Skin za Sony Xperia Z1/L39H/C6906 ', 'Torbica je izrađena od najfinijeg ultra tankog silikona za sve modele telefona,dostupna u više boja.', 1, 0, 0, 35, 558, 35),
(540, '2017-11-18 13:09:04', '2017-11-18 13:09:04', 'Torbica Teracell Skin za Sony Xperia Z2/D6503/D6502', 'Torbica je izrađena od najfinijeg ultra tankog silikona za sve modele telefona,dostupna u više boja.', 1, 0, 0, 35, 559, 35),
(541, '2017-11-18 13:10:18', '2017-11-18 13:10:18', 'Torbica Teracell Skin za Sony Xperia Z3 Compact/Z3 mini/D508X', 'Torbica je izrađena od najfinijeg ultra tankog silikona za sve modele telefona,dostupna u više boja.', 1, 0, 0, 35, 560, 35),
(542, '2017-11-18 13:11:10', '2017-11-18 13:11:10', 'Torbica Teracell Skin za Sony Xperia Z3/D6653', 'Torbica je izrađena od najfinijeg ultra tankog silikona za sve modele telefona,dostupna u više boja.', 1, 0, 0, 35, 561, 35),
(543, '2017-11-18 13:12:27', '2017-11-18 13:12:27', 'Torbica Teracell Skin za Sony Xperia Z4/E6653 ', 'Torbica je izrađena od najfinijeg ultra tankog silikona za sve modele telefona,dostupna u više boja.', 1, 0, 0, 35, 562, 35),
(544, '2017-11-18 13:13:23', '2017-11-18 13:13:23', 'Torbica Teracell Skin za Sony Xperia Z5 Compact E5803 ', 'Torbica je izrađena od najfinijeg ultra tankog silikona za sve modele telefona,dostupna u više boja.', 1, 0, 0, 35, 563, 35),
(545, '2017-11-18 13:13:32', '2017-11-18 13:13:32', 'Torbica Teracell Skin za Meizu M1 Note', 'Torbica je izrađena od najfinijeg ultra tankog silikona za sve modele telefona,dostupna u više boja.', 1, 0, 0, 31, 564, 35),
(546, '2017-11-18 13:14:05', '2017-11-18 13:14:05', 'Torbica Teracell Skin za Meizu M2 Note', 'Torbica je izrađena od najfinijeg ultra tankog silikona za sve modele telefona,dostupna u više boja.', 1, 0, 0, 31, 565, 35),
(547, '2017-11-18 13:14:28', '2017-11-18 13:14:28', 'Torbica Teracell Skin za Sony Xperia Z5 Premium E6853', 'Torbica je izrađena od najfinijeg ultra tankog silikona za sve modele telefona,dostupna u više boja.', 1, 0, 0, 35, 566, 35),
(548, '2017-11-18 13:16:01', '2017-11-18 13:16:01', 'Torbica Teracell Skin za Sony Xperia Z5/E6603', 'Torbica je izrađena od najfinijeg ultra tankog silikona za sve modele telefona,dostupna u više boja.', 1, 0, 0, 35, 567, 35),
(549, '2017-11-18 13:28:46', '2017-11-18 13:28:46', 'Torbica Teracell Skin za Nokia 2', 'Torbica je izrađena od najfinijeg ultra tankog silikona za sve modele telefona,dostupna u više boja.', 1, 0, 0, 34, 568, 35),
(550, '2017-11-18 13:31:01', '2017-11-18 13:31:01', 'Torbica Teracell Skin za Lenovo Moto G5 Plus ', 'Torbica je izrađena od najfinijeg ultra tankog silikona za sve modele telefona,dostupna u više boja.', 1, 0, 0, 33, 569, 35),
(551, '2017-11-18 13:36:49', '2017-11-18 13:36:49', 'Torbica Teracell Skin za Tesla smartphone 3.1 Lite/3.2 Lite ', 'Torbica je izrađena od najfinijeg ultra tankog silikona za sve modele telefona,dostupna u više boja.', 1, 0, 0, 36, 570, 35),
(552, '2017-11-18 13:39:22', '2017-11-18 13:39:22', 'Torbica Teracell Skin za Tesla smartphone 3.1 Lite/3.2 Lite ', 'Torbica je izrađena od najfinijeg ultra tankog silikona za sve modele telefona,dostupna u više boja.', 1, 0, 0, 36, 571, 35),
(553, '2017-11-18 13:40:55', '2017-11-18 13:40:55', 'Torbica Teracell Skin za Tesla smartphone 3.3', 'Torbica je izrađena od najfinijeg ultra tankog silikona za sve modele telefona,dostupna u više boja.', 1, 0, 0, 36, 572, 35),
(554, '2017-11-18 13:46:45', '2017-11-18 13:46:45', 'Torbica Teracell Skin za Tesla smartphone 3.3 ', 'Torbica je izrađena od najfinijeg ultra tankog silikona za sve modele telefona,dostupna u više boja.', 1, 0, 0, 36, 573, 35),
(555, '2017-11-18 13:48:27', '2017-11-18 13:48:27', 'Torbica Teracell Skin za Xiaomi 6', 'Torbica je izrađena od najfinijeg ultra tankog silikona za sve modele telefona,dostupna u više boja.', 1, 0, 0, 38, 574, 35),
(556, '2017-11-18 13:48:28', '2017-11-18 13:48:28', 'Torbica Teracell Skin za Tesla smartphone 6.2', 'Torbica je izrađena od najfinijeg ultra tankog silikona za sve modele telefona,dostupna u više boja.', 1, 0, 0, 36, 575, 35),
(557, '2017-11-18 13:50:21', '2017-11-18 13:50:22', 'Torbica Teracell Skin za Tesla smartphone 6.2 ', 'Torbica je izrađena od najfinijeg ultra tankog silikona za sve modele telefona,dostupna u više boja.', 1, 0, 0, 36, 576, 35),
(558, '2017-11-18 13:52:56', '2017-11-18 13:52:56', 'Torbica Teracell Skin za Tesla smartphone 6.3', 'Torbica je izrađena od najfinijeg ultra tankog silikona za sve modele telefona,dostupna u više boja.', 1, 0, 0, 36, 577, 35),
(559, '2017-11-18 13:54:15', '2017-11-18 13:54:15', 'Torbica Teracell Skin za Xiaomi Max 2', 'Torbica je izrađena od najfinijeg ultra tankog silikona za sve modele telefona,dostupna u više boja.', 1, 0, 0, 38, 578, 35),
(560, '2017-11-18 13:54:37', '2017-11-18 13:54:37', 'Torbica Teracell Skin za Xiaomi Max ', 'Torbica je izrađena od najfinijeg ultra tankog silikona za sve modele telefona,dostupna u više boja.', 1, 0, 0, 38, 579, 35),
(561, '2017-11-18 13:55:33', '2017-11-18 13:55:33', 'Torbica Teracell Skin za Xiaomi Mi 4', 'Torbica je izrađena od najfinijeg ultra tankog silikona za sve modele telefona,dostupna u više boja.', 1, 0, 0, 38, 580, 35),
(562, '2017-11-18 13:56:13', '2017-11-18 13:56:13', 'Torbica Teracell Skin za Xiaomi Mi 5s', 'Torbica je izrađena od najfinijeg ultra tankog silikona za sve modele telefona,dostupna u više boja.', 1, 0, 0, 38, 581, 35),
(563, '2017-11-18 13:56:40', '2017-11-18 13:56:40', 'Torbica Teracell Skin za Xiaomi Mi 5s Plus', 'Torbica je izrađena od najfinijeg ultra tankog silikona za sve modele telefona,dostupna u više boja.', 1, 0, 0, 38, 582, 35),
(564, '2017-11-18 13:57:07', '2017-11-18 13:57:07', 'Torbica Teracell Skin za Xiaomi Redmi 2', 'Torbica je izrađena od najfinijeg ultra tankog silikona za sve modele telefona,dostupna u više boja.', 1, 0, 0, 38, 583, 35),
(565, '2017-11-18 13:57:36', '2017-11-18 13:57:36', 'Torbica Teracell Skin za Xiaomi Redmi 3', 'Torbica je izrađena od najfinijeg ultra tankog silikona za sve modele telefona,dostupna u više boja.', 1, 0, 0, 38, 584, 35),
(566, '2017-11-18 14:05:54', '2017-11-18 14:05:54', 'Torbica Teracell Skin za Xiaomi Redmi 4 ', 'Torbica je izrađena od najfinijeg ultra tankog silikona za sve modele telefona,dostupna u više boja.', 1, 0, 0, 38, 585, 35),
(567, '2017-11-18 14:06:16', '2017-11-18 14:06:16', 'Torbica Teracell Skin za Xiaomi Redmi 4A ', 'Torbica je izrađena od najfinijeg ultra tankog silikona za sve modele telefona,dostupna u više boja.', 1, 0, 0, 38, 586, 35),
(568, '2017-11-18 14:06:37', '2017-11-18 14:06:37', 'Torbica Teracell Skin za Xiaomi Redmi 4X ', 'Torbica je izrađena od najfinijeg ultra tankog silikona za sve modele telefona,dostupna u više boja.', 1, 0, 0, 38, 587, 35),
(569, '2017-11-18 14:07:04', '2017-11-18 14:07:04', 'Torbica Teracell Skin za Xiaomi Redmi Note 2 ', 'Torbica je izrađena od najfinijeg ultra tankog silikona za sve modele telefona,dostupna u više boja.', 1, 0, 0, 38, 588, 35),
(570, '2017-11-18 14:07:44', '2017-11-18 14:07:44', 'Torbica Teracell Skin za Xiaomi Redmi Note 4X ', 'Torbica je izrađena od najfinijeg ultra tankog silikona za sve modele telefona,dostupna u više boja.', 1, 0, 0, 38, 589, 35),
(571, '2017-11-18 14:08:13', '2017-11-18 14:08:13', 'Torbica Teracell Skin za Xiaomi Redmi Note 4 ', 'Torbica je izrađena od najfinijeg ultra tankog silikona za sve modele telefona,dostupna u više boja.', 1, 0, 0, 38, 590, 35),
(572, '2017-11-18 14:14:44', '2017-11-18 14:14:44', 'Torbica Teracell Skin za Xiaomi Redmi Note ', 'Torbica je izrađena od najfinijeg ultra tankog silikona za sve modele telefona,dostupna u više boja.', 1, 0, 0, 38, 591, 35),
(573, '2017-11-18 14:20:48', '2017-11-18 14:20:48', 'Torbica Teracell Skin za Tesla smartphone 6.3 ', 'Torbica je izrađena od najfinijeg ultra tankog silikona za sve modele telefona,dostupna u više boja.', 1, 0, 0, 36, 592, 35),
(574, '2017-11-18 14:23:53', '2017-11-18 14:23:53', 'Torbica Teracell Skin za Tesla smartphone 9.1', 'Torbica je izrađena od najfinijeg ultra tankog silikona za sve modele telefona,dostupna u više boja.', 1, 0, 0, 36, 593, 35),
(575, '2017-11-18 14:25:25', '2017-11-18 14:25:25', 'Torbica Teracell Skin za Tesla smartphone 9.1 ', 'Torbica je izrađena od najfinijeg ultra tankog silikona za sve modele telefona,dostupna u više boja.', 1, 0, 0, 36, 594, 35),
(576, '2017-11-18 15:52:02', '2017-11-18 15:52:50', 'Zaštitno staklo za Acer Liquid Zest Z525/Z528', '55555555555555', 0, 0, 0, 22, 595, 35),
(577, '2017-11-18 16:12:02', '2017-11-18 16:20:40', 'Zaštitno staklo za Acer Liquid Zest Z525/Z528', 'Zaštita ekrana izrađena od laminiranog stakla.', 0, 0, 0, 22, 596, 35),
(578, '2017-11-18 16:14:36', '2017-11-18 16:20:44', 'Zaštitno staklo za Alcatel A30 plus', 'Zaštita ekrana izrađena od laminiranog stakla.', 0, 0, 0, 23, 597, 35),
(579, '2017-11-18 16:16:10', '2017-11-18 16:20:45', 'Zaštitno staklo za Alcatel A3', 'Zaštita ekrana izrađena od laminiranog stakla.', 0, 0, 0, 23, 598, 35),
(580, '2017-11-18 16:17:19', '2017-11-18 16:20:46', 'Zaštitno staklo za Alcatel A5 LED', 'Zaštita ekrana izrađena od laminiranog stakla.', 0, 0, 0, 23, 599, 35),
(581, '2017-11-18 16:18:17', '2017-11-18 16:20:48', 'Zaštitno staklo za Alcatel Pixi 4 Plus Power/5023F', 'Zaštita ekrana izrađena od laminiranog stakla.', 0, 0, 0, 23, 600, 35),
(582, '2017-11-18 16:24:03', '2017-11-18 17:06:51', 'Zaštitno staklo za Acer Liquid Zest Z525/Z528', 'Zaštita ekrana izrađena od laminiranog stakla.', 0, 0, 0, 22, 601, 35),
(583, '2017-11-18 16:27:38', '2017-11-18 16:45:28', 'Tempered glass za Meizu M1 Note', 'Zaštita ekrana izrađena od laminiranog stakla.', 0, 0, 0, 31, 602, 35),
(584, '2017-11-18 16:28:06', '2017-11-18 16:45:56', 'Tempered glass za Meizu MX4', 'Zaštita ekrana izrađena od laminiranog stakla.', 0, 0, 0, 31, 603, 35),
(585, '2017-11-18 16:28:33', '2017-11-18 16:46:01', 'Tempered glass za Meizu MX5', 'Zaštita ekrana izrađena od laminiranog stakla.', 0, 0, 0, 31, 604, 35),
(586, '2017-11-18 16:28:45', '2017-11-18 16:46:07', 'Tempered glass za Meizu Pro 6', 'Zaštita ekrana izrađena od laminiranog stakla.', 0, 0, 0, 31, 605, 35),
(587, '2017-11-18 16:31:14', '2017-11-18 16:46:12', 'Tempered glass za Motorola XT1793 Moto G5S', 'Zaštita ekrana izrađena od laminiranog stakla.', 0, 0, 0, 31, 606, 35),
(588, '2017-11-18 16:31:30', '2017-11-18 16:45:51', 'Tempered glass za Motorola Moto Z2 Play', 'Zaštita ekrana izrađena od laminiranog stakla.', 0, 0, 0, 31, 607, 35),
(589, '2017-11-18 16:31:46', '2017-11-18 16:45:44', 'Tempered glass za Motorola Moto E4 Plus ', 'Zaštita ekrana izrađena od laminiranog stakla.', 0, 0, 0, 31, 608, 35),
(590, '2017-11-18 16:32:02', '2017-11-18 16:45:40', 'Tempered glass za Motorola Moto Z Play', 'Zaštita ekrana izrađena od laminiranog stakla.', 0, 0, 0, 31, 609, 35),
(591, '2017-11-18 16:32:56', '2017-11-18 16:45:36', 'Tempered glass za Motorola Moto Z', 'Zaštita ekrana izrađena od laminiranog stakla.', 0, 0, 0, 31, 610, 35),
(592, '2017-11-18 16:49:00', '2017-11-18 17:06:43', 'Zaštitno staklo za Acer Liquid Zest Z525/Z528', 'Zaštita ekrana izrađena od laminiranog stakla.', 0, 0, 0, 42, 611, 35),
(593, '2017-11-18 17:13:54', '2017-11-18 17:15:18', 'Zaštitno staklo za Acer Liquid Zest Z525/Z528', 'Zaštita ekrana izrađena od laminiranog stakla.', 1, 0, 0, 43, 612, 35),
(594, '2017-11-18 17:18:25', '2017-11-18 17:18:25', 'Zaštitno staklo za Alcatel A3', 'Zaštita ekrana izrađena od laminiranog stakla.', 1, 0, 0, 44, 613, 35),
(595, '2017-11-18 17:21:10', '2017-11-18 17:21:10', 'Zaštino staklo za Meizu M1 Note', 'Zaštita ekrana izrađena od laminiranog stakla.', 1, 0, 0, 53, 614, 35),
(596, '2017-11-18 17:22:06', '2017-11-18 17:22:06', 'Zaštino staklo za Meizu MX4', 'Zaštita ekrana izrađena od laminiranog stakla.', 1, 0, 0, 53, 615, 35),
(597, '2017-11-18 17:22:12', '2017-11-18 17:22:12', 'Zaštitno staklo za Alcatel A30 plus', 'Zaštita ekrana izrađena od laminiranog stakla.', 1, 0, 0, 44, 616, 35),
(598, '2017-11-18 17:22:23', '2017-11-18 17:22:23', 'Zaštino staklo za Meizu MX5', 'Zaštita ekrana izrađena od laminiranog stakla.', 1, 0, 0, 53, 617, 35),
(599, '2017-11-18 17:22:40', '2017-11-18 17:22:40', 'Zaštino staklo za Meizu Pro 6', 'Zaštita ekrana izrađena od laminiranog stakla.', 1, 0, 0, 53, 618, 35),
(600, '2017-11-18 17:23:30', '2017-11-18 17:23:30', 'Zaštino staklo za MobiWire Kaya', 'Zaštita ekrana izrađena od laminiranog stakla.', 1, 0, 0, 54, 619, 35),
(601, '2017-11-18 17:23:37', '2017-11-18 17:23:37', 'Zaštitno staklo za Alcatel A5 LED', 'Zaštita ekrana izrađena od laminiranog stakla.', 1, 0, 0, 44, 620, 35),
(602, '2017-11-18 17:24:41', '2017-11-18 17:24:41', 'Zaštino staklo za Motorola Moto E4 Plus ', 'Zaštita ekrana izrađena od laminiranog stakla.', 1, 0, 0, 55, 621, 35),
(603, '2017-11-18 17:25:31', '2017-11-18 17:25:31', 'Zaštino staklo za Motorola Moto X Play', 'Zaštita ekrana izrađena od laminiranog stakla.', 1, 0, 0, 55, 622, 35),
(604, '2017-11-18 17:25:51', '2017-11-18 17:25:51', 'Zaštino staklo za Motorola Moto Z', 'Zaštita ekrana izrađena od laminiranog stakla.', 1, 0, 0, 55, 623, 35),
(605, '2017-11-18 17:26:13', '2017-11-18 17:29:36', 'Zaštitno staklo  za Alcatel OT Idol 3 4.7/6039Y', 'Zaštita ekrana izrađena od laminiranog stakla.', 1, 0, 0, 44, 624, 35),
(606, '2017-11-18 17:26:25', '2017-11-18 17:26:25', 'Zaštino staklo za Motorola Moto Z Play', 'Zaštita ekrana izrađena od laminiranog stakla.', 1, 0, 0, 55, 625, 35),
(607, '2017-11-18 17:27:04', '2017-11-18 17:27:04', 'Zaštino staklo za Motorola Moto Z2 Play', 'Zaštita ekrana izrađena od laminiranog stakla.', 1, 0, 0, 55, 626, 35),
(608, '2017-11-18 17:27:37', '2017-11-18 17:27:37', 'Zaštino staklo za Motorola XT1793 Moto G5S', 'Zaštita ekrana izrađena od laminiranog stakla.', 1, 0, 0, 55, 627, 35),
(609, '2017-11-18 17:30:01', '2017-11-18 17:30:01', 'Zaštino staklo za Nokia 3', 'Zaštita ekrana izrađena od laminiranog stakla.', 1, 0, 0, 56, 628, 35),
(610, '2017-11-18 17:31:00', '2017-11-18 17:31:00', 'Zaštino staklo za Nokia 5', 'Zaštita ekrana izrađena od laminiranog stakla.', 1, 0, 0, 56, 629, 35),
(611, '2017-11-18 17:31:23', '2017-11-18 17:31:23', 'Zaštino staklo za Nokia 6', 'Zaštita ekrana izrađena od laminiranog stakla.', 1, 0, 0, 56, 630, 35),
(612, '2017-11-18 17:32:43', '2017-11-18 17:32:44', 'Zaštitno staklo za Alcatel OT Idol 3 5.5/6045Y', 'Zaštita ekrana izrađena od laminiranog stakla.', 1, 0, 0, 44, 631, 35),
(613, '2017-11-18 17:48:49', '2017-11-18 17:50:11', 'Zaštino staklo za Samsung A310F Galaxy A3 2016', 'Zaštita ekrana izrađena od laminiranog stakla.', 1, 0, 0, 57, 635, 35),
(614, '2017-11-18 17:49:30', '2017-11-18 17:49:30', 'Zaštino staklo za Samsung A320F Galaxy A3 2017', 'Zaštita ekrana izrađena od laminiranog stakla.', 1, 0, 0, 57, 632, 35),
(615, '2017-11-18 17:49:32', '2017-11-18 17:49:32', 'Zaštitno staklo za Alcatel OT Idol 4/6055', 'Zaštita ekrana izrađena od laminiranog stakla.', 1, 0, 0, 44, 633, 35),
(616, '2017-11-18 17:49:36', '2017-11-18 17:50:19', 'Zaštitno staklo za Alcatel OT Idol 4/6055', 'Zaštita ekrana izrađena od laminiranog stakla.', 0, 0, 0, 44, 634, 35),
(617, '2017-11-18 17:51:36', '2017-11-18 17:51:36', 'Zaštitno staklo za za Samsung A500F Galaxy A5', 'Zaštita ekrana izrađena od laminiranog stakla.', 1, 0, 0, 57, 636, 35),
(618, '2017-11-18 17:52:14', '2017-11-18 17:52:14', 'Zaštitno staklo za Samsung A510F Galaxy A5 2016', 'Zaštita ekrana izrađena od laminiranog stakla.', 1, 0, 0, 57, 637, 35),
(619, '2017-11-18 17:52:19', '2017-11-18 17:52:19', 'Zaštitno staklo za Alcatel OT Idol 4S/6070', 'Zaštita ekrana izrađena od laminiranog stakla.', 1, 0, 0, 44, 638, 35),
(620, '2017-11-18 17:52:38', '2017-11-18 17:52:38', 'Zaštitno staklo  za Samsung A520F Galaxy A5 2017', 'Zaštita ekrana izrađena od laminiranog stakla.', 1, 0, 0, 57, 639, 35),
(621, '2017-11-18 17:53:11', '2017-11-18 17:53:11', 'Zaštitno staklo za Alcatel OT Pixi 3 3.5/4009X', 'Zaštita ekrana izrađena od laminiranog stakla.', 1, 0, 0, 44, 640, 35),
(622, '2017-11-18 17:53:28', '2017-11-18 17:53:28', 'Zaštitno staklo za Samsung A700F Galaxy A7', 'Zaštita ekrana izrađena od laminiranog stakla.', 1, 0, 0, 57, 641, 35),
(623, '2017-11-18 17:54:00', '2017-11-18 17:54:00', 'Zaštitno staklo za  Alcatel OT Pixi 3 4.0/4013X', 'Zaštita ekrana izrađena od laminiranog stakla.', 1, 0, 0, 44, 642, 35),
(624, '2017-11-18 17:54:05', '2017-11-18 17:54:05', 'Zaštitno staklo za Samsung A720F Galaxy A7 2017', 'Zaštita ekrana izrađena od laminiranog stakla.', 1, 0, 0, 57, 643, 35),
(625, '2017-11-18 17:55:05', '2017-11-18 17:55:05', 'Zaštitno staklo za Samsung A800F Galaxy A8', 'Zaštita ekrana izrađena od laminiranog stakla.', 1, 0, 0, 57, 644, 35),
(626, '2017-11-18 17:55:07', '2017-11-18 17:55:07', 'Zaštitno staklo za Alcatel OT Pixi 3 4.5/4027X', 'Zaštita ekrana izrađena od laminiranog stakla.', 1, 0, 0, 44, 645, 35),
(627, '2017-11-18 17:55:31', '2017-11-18 17:55:31', 'Zaštitno staklo za Samsung A900F Galaxy A9', 'Zaštita ekrana izrađena od laminiranog stakla.', 1, 0, 0, 57, 646, 35),
(628, '2017-11-18 17:55:44', '2017-11-18 17:55:44', 'Zaštitno staklo za  Alcatel OT Pixi 4 4.0/4034X', 'Zaštita ekrana izrađena od laminiranog stakla.', 1, 0, 0, 44, 647, 35),
(629, '2017-11-18 17:55:53', '2017-11-18 17:55:53', 'Zaštitno staklo za Samsung E500F Galaxy E5', 'Zaštita ekrana izrađena od laminiranog stakla.', 1, 0, 0, 57, 648, 35),
(630, '2017-11-18 17:56:34', '2017-11-18 17:56:34', 'Zaštitno staklo za Samsung G530H Grand Prime', 'Zaštita ekrana izrađena od laminiranog stakla.', 1, 0, 0, 57, 649, 35),
(631, '2017-11-18 17:57:04', '2017-11-18 17:57:04', 'Zaštitno staklo za Samsung G570F Galaxy J5 Prime', 'Zaštita ekrana izrađena od laminiranog stakla.', 1, 0, 0, 57, 650, 35),
(632, '2017-11-18 17:57:23', '2017-11-18 17:57:23', 'Zaštitno staklo za Alcatel OT Pixi 4 5.0/5010/5045X/U5', 'Zaštita ekrana izrađena od laminiranog stakla.', 1, 0, 0, 44, 651, 35),
(633, '2017-11-18 17:57:58', '2017-11-18 17:57:58', 'Zaštitno staklo za  Alcatel OT Pixi 4 6.0 3G/8050D', 'Zaštita ekrana izrađena od laminiranog stakla.', 1, 0, 0, 44, 652, 35),
(634, '2017-11-18 17:58:35', '2017-11-18 17:58:35', 'Zaštitno staklo za Samsung G610F Galaxy J7 Prime', 'Zaštita ekrana izrađena od laminiranog stakla.', 1, 0, 0, 57, 653, 35),
(635, '2017-11-18 17:58:45', '2017-11-18 17:58:45', 'Zaštitno staklo za  Alcatel OT Pixi 6/9091X', 'Zaštita ekrana izrađena od laminiranog stakla.', 1, 0, 0, 44, 654, 35),
(636, '2017-11-18 17:59:09', '2017-11-18 17:59:09', 'Zaštitno staklo za Alcatel OT Pop 3 5.0/5015D', 'Zaštita ekrana izrađena od laminiranog stakla.', 1, 0, 0, 44, 655, 35),
(637, '2017-11-18 17:59:39', '2017-11-18 17:59:39', 'Zaštitno staklo za  Alcatel OT Pop 3 5.5/5025D', 'Zaštita ekrana izrađena od laminiranog stakla.', 1, 0, 0, 44, 656, 35),
(638, '2017-11-18 18:00:12', '2017-11-18 18:00:12', 'Zaštitno staklo za Alcatel OT Pop 4/5051X', 'Zaštita ekrana izrađena od laminiranog stakla.', 1, 0, 0, 44, 657, 35),
(639, '2017-11-18 18:00:14', '2017-11-18 18:00:14', 'Zaštitno staklo za Samsung Galaxy C5', 'Zaštita ekrana izrađena od laminiranog stakla.', 1, 0, 0, 57, 658, 35),
(640, '2017-11-18 18:00:33', '2017-11-18 18:00:33', 'Zaštitno staklo za Samsung Galaxy C7', 'Zaštita ekrana izrađena od laminiranog stakla.', 1, 0, 0, 57, 659, 35),
(641, '2017-11-18 18:00:58', '2017-11-18 18:00:58', 'Zaštitno staklo za Samsung Galaxy C9 Pro', 'Zaštita ekrana izrađena od laminiranog stakla.', 1, 0, 0, 57, 660, 35),
(642, '2017-11-18 18:01:25', '2017-11-18 18:01:25', 'Zaštitno staklo za Samsung Galaxy J3 Pro', 'Zaštita ekrana izrađena od laminiranog stakla.', 1, 0, 0, 57, 661, 35),
(643, '2017-11-18 18:02:18', '2017-11-18 18:02:18', 'Zaštitno staklo za Samsung J120F Galaxy J1 2016', 'Zaštita ekrana izrađena od laminiranog stakla.', 1, 0, 0, 57, 662, 35);

-- --------------------------------------------------------

--
-- Table structure for table `product_color`
--

CREATE TABLE `product_color` (
  `product_id` int(10) UNSIGNED NOT NULL,
  `color_id` int(10) UNSIGNED NOT NULL,
  `created_at` timestamp NULL DEFAULT NULL,
  `updated_at` timestamp NULL DEFAULT NULL
) ENGINE=InnoDB DEFAULT CHARSET=utf8mb4 COLLATE=utf8mb4_unicode_ci;

--
-- Dumping data for table `product_color`
--

INSERT INTO `product_color` (`product_id`, `color_id`, `created_at`, `updated_at`) VALUES
(198, 5, NULL, NULL),
(200, 5, NULL, NULL),
(200, 6, NULL, NULL),
(201, 5, NULL, NULL),
(201, 6, NULL, NULL),
(221, 29, NULL, NULL),
(222, 29, NULL, NULL),
(223, 29, NULL, NULL),
(224, 29, NULL, NULL),
(225, 29, NULL, NULL),
(226, 29, NULL, NULL),
(227, 29, NULL, NULL),
(228, 29, NULL, NULL),
(229, 29, NULL, NULL),
(230, 29, NULL, NULL),
(231, 29, NULL, NULL),
(232, 29, NULL, NULL),
(232, 30, NULL, NULL),
(232, 31, NULL, NULL),
(233, 29, NULL, NULL),
(233, 31, NULL, NULL),
(234, 29, NULL, NULL),
(234, 31, NULL, NULL),
(235, 29, NULL, NULL),
(235, 30, NULL, NULL),
(235, 31, NULL, NULL),
(236, 29, NULL, NULL),
(236, 30, NULL, NULL),
(236, 31, NULL, NULL),
(237, 29, NULL, NULL),
(237, 31, NULL, NULL),
(238, 29, NULL, NULL),
(238, 30, NULL, NULL),
(238, 31, NULL, NULL),
(239, 29, NULL, NULL),
(239, 31, NULL, NULL),
(240, 29, NULL, NULL),
(240, 30, NULL, NULL),
(240, 31, NULL, NULL),
(241, 29, NULL, NULL),
(241, 31, NULL, NULL),
(242, 29, NULL, NULL),
(242, 31, NULL, NULL),
(243, 29, NULL, NULL),
(243, 31, NULL, NULL),
(244, 29, NULL, NULL),
(244, 30, NULL, NULL),
(244, 31, NULL, NULL),
(245, 31, NULL, NULL),
(246, 29, NULL, NULL),
(246, 31, NULL, NULL),
(247, 29, NULL, NULL),
(247, 31, NULL, NULL),
(248, 29, NULL, NULL),
(248, 31, NULL, NULL),
(249, 29, NULL, NULL),
(249, 31, NULL, NULL),
(250, 29, NULL, NULL),
(250, 31, NULL, NULL),
(251, 29, NULL, NULL),
(251, 31, NULL, NULL),
(252, 29, NULL, NULL),
(252, 31, NULL, NULL),
(253, 29, NULL, NULL),
(253, 31, NULL, NULL),
(254, 29, NULL, NULL),
(254, 31, NULL, NULL),
(255, 29, NULL, NULL),
(255, 31, NULL, NULL),
(256, 29, NULL, NULL),
(256, 31, NULL, NULL),
(257, 29, NULL, NULL),
(257, 31, NULL, NULL),
(258, 29, NULL, NULL),
(258, 31, NULL, NULL),
(259, 29, NULL, NULL),
(259, 31, NULL, NULL),
(260, 29, NULL, NULL),
(261, 31, NULL, NULL),
(262, 29, NULL, NULL),
(262, 30, NULL, NULL),
(262, 31, NULL, NULL),
(263, 29, NULL, NULL),
(264, 29, NULL, NULL),
(264, 31, NULL, NULL),
(265, 31, NULL, NULL),
(266, 29, NULL, NULL),
(266, 31, NULL, NULL),
(267, 29, NULL, NULL),
(267, 31, NULL, NULL),
(268, 29, NULL, NULL),
(268, 31, NULL, NULL),
(269, 29, NULL, NULL),
(269, 31, NULL, NULL),
(270, 29, NULL, NULL),
(270, 30, NULL, NULL),
(270, 31, NULL, NULL),
(271, 29, NULL, NULL),
(271, 31, NULL, NULL),
(272, 29, NULL, NULL),
(272, 31, NULL, NULL),
(273, 31, NULL, NULL),
(274, 29, NULL, NULL),
(274, 30, NULL, NULL),
(274, 31, NULL, NULL),
(275, 29, NULL, NULL),
(275, 31, NULL, NULL),
(276, 29, NULL, NULL),
(276, 31, NULL, NULL),
(277, 29, NULL, NULL),
(277, 31, NULL, NULL),
(278, 29, NULL, NULL),
(278, 31, NULL, NULL),
(279, 30, NULL, NULL),
(279, 31, NULL, NULL),
(280, 29, NULL, NULL),
(280, 31, NULL, NULL),
(281, 29, NULL, NULL),
(281, 31, NULL, NULL),
(282, 29, NULL, NULL),
(282, 31, NULL, NULL),
(283, 29, NULL, NULL),
(283, 31, NULL, NULL),
(284, 29, NULL, NULL),
(284, 31, NULL, NULL),
(285, 29, NULL, NULL),
(285, 31, NULL, NULL),
(286, 29, NULL, NULL),
(286, 30, NULL, NULL),
(286, 31, NULL, NULL),
(287, 29, NULL, NULL),
(287, 30, NULL, NULL),
(287, 31, NULL, NULL),
(288, 29, NULL, NULL),
(288, 31, NULL, NULL),
(289, 31, NULL, NULL),
(290, 29, NULL, NULL),
(290, 31, NULL, NULL),
(291, 29, NULL, NULL),
(291, 31, NULL, NULL),
(292, 29, NULL, NULL),
(292, 31, NULL, NULL),
(293, 29, NULL, NULL),
(293, 31, NULL, NULL),
(294, 29, NULL, NULL),
(294, 30, NULL, NULL),
(294, 31, NULL, NULL),
(295, 29, NULL, NULL),
(295, 31, NULL, NULL),
(296, 29, NULL, NULL),
(296, 30, NULL, NULL),
(296, 31, NULL, NULL),
(297, 29, NULL, NULL),
(297, 31, NULL, NULL),
(298, 29, NULL, NULL),
(298, 30, NULL, NULL),
(298, 31, NULL, NULL),
(299, 29, NULL, NULL),
(299, 31, NULL, NULL),
(300, 29, NULL, NULL),
(300, 30, NULL, NULL),
(300, 31, NULL, NULL),
(301, 29, NULL, NULL),
(301, 30, NULL, NULL),
(301, 31, NULL, NULL),
(302, 29, NULL, NULL),
(302, 31, NULL, NULL),
(303, 29, NULL, NULL),
(303, 30, NULL, NULL),
(303, 31, NULL, NULL),
(304, 29, NULL, NULL),
(304, 31, NULL, NULL),
(305, 29, NULL, NULL),
(305, 31, NULL, NULL),
(306, 29, NULL, NULL),
(306, 31, NULL, NULL),
(307, 29, NULL, NULL),
(307, 31, NULL, NULL),
(308, 29, NULL, NULL),
(308, 31, NULL, NULL),
(309, 31, NULL, NULL),
(310, 31, NULL, NULL),
(311, 29, NULL, NULL),
(312, 29, NULL, NULL),
(312, 31, NULL, NULL),
(313, 29, NULL, NULL),
(313, 31, NULL, NULL),
(314, 29, NULL, NULL),
(314, 31, NULL, NULL),
(315, 29, NULL, NULL),
(316, 29, NULL, NULL),
(317, 29, NULL, NULL),
(318, 29, NULL, NULL),
(318, 30, NULL, NULL),
(318, 31, NULL, NULL),
(368, 29, NULL, NULL),
(368, 31, NULL, NULL),
(370, 31, NULL, NULL),
(371, 29, NULL, NULL),
(371, 31, NULL, NULL),
(374, 29, NULL, NULL),
(374, 31, NULL, NULL),
(381, 29, NULL, NULL),
(382, 29, NULL, NULL),
(393, 29, NULL, NULL),
(393, 31, NULL, NULL),
(394, 29, NULL, NULL),
(394, 31, NULL, NULL),
(397, 29, NULL, NULL),
(397, 31, NULL, NULL),
(398, 29, NULL, NULL),
(399, 29, NULL, NULL),
(401, 29, NULL, NULL),
(401, 31, NULL, NULL),
(402, 29, NULL, NULL),
(402, 31, NULL, NULL),
(403, 29, NULL, NULL),
(403, 31, NULL, NULL),
(404, 29, NULL, NULL),
(404, 31, NULL, NULL),
(408, 29, NULL, NULL),
(408, 31, NULL, NULL),
(409, 29, NULL, NULL),
(409, 31, NULL, NULL),
(410, 31, NULL, NULL),
(411, 29, NULL, NULL),
(411, 31, NULL, NULL),
(412, 29, NULL, NULL),
(412, 31, NULL, NULL),
(413, 29, NULL, NULL),
(413, 31, NULL, NULL),
(415, 29, NULL, NULL),
(415, 31, NULL, NULL),
(416, 29, NULL, NULL),
(416, 31, NULL, NULL),
(417, 29, NULL, NULL),
(417, 31, NULL, NULL),
(418, 29, NULL, NULL),
(418, 31, NULL, NULL),
(420, 29, NULL, NULL),
(420, 31, NULL, NULL),
(421, 29, NULL, NULL),
(421, 31, NULL, NULL),
(441, 29, NULL, NULL),
(441, 31, NULL, NULL),
(443, 29, NULL, NULL),
(443, 31, NULL, NULL),
(444, 29, NULL, NULL),
(444, 31, NULL, NULL),
(445, 29, NULL, NULL),
(445, 31, NULL, NULL),
(447, 29, NULL, NULL),
(447, 31, NULL, NULL),
(448, 29, NULL, NULL),
(448, 31, NULL, NULL),
(449, 29, NULL, NULL),
(449, 31, NULL, NULL),
(451, 29, NULL, NULL),
(451, 31, NULL, NULL),
(452, 29, NULL, NULL),
(452, 31, NULL, NULL),
(453, 29, NULL, NULL),
(453, 31, NULL, NULL),
(454, 29, NULL, NULL),
(454, 31, NULL, NULL),
(455, 29, NULL, NULL),
(455, 31, NULL, NULL),
(456, 29, NULL, NULL),
(456, 31, NULL, NULL),
(457, 29, NULL, NULL),
(506, 29, NULL, NULL),
(507, 29, NULL, NULL),
(507, 31, NULL, NULL),
(508, 29, NULL, NULL),
(508, 31, NULL, NULL),
(509, 29, NULL, NULL),
(510, 29, NULL, NULL),
(510, 31, NULL, NULL),
(511, 29, NULL, NULL),
(511, 31, NULL, NULL),
(512, 29, NULL, NULL),
(512, 31, NULL, NULL),
(513, 29, NULL, NULL),
(513, 31, NULL, NULL),
(514, 29, NULL, NULL),
(514, 31, NULL, NULL),
(515, 29, NULL, NULL),
(515, 31, NULL, NULL),
(516, 29, NULL, NULL),
(516, 31, NULL, NULL),
(517, 31, NULL, NULL),
(518, 31, NULL, NULL),
(519, 29, NULL, NULL),
(519, 31, NULL, NULL),
(520, 29, NULL, NULL),
(520, 31, NULL, NULL),
(521, 29, NULL, NULL),
(521, 31, NULL, NULL),
(522, 29, NULL, NULL),
(522, 31, NULL, NULL),
(523, 29, NULL, NULL),
(523, 31, NULL, NULL),
(524, 29, NULL, NULL),
(524, 30, NULL, NULL),
(524, 31, NULL, NULL),
(525, 29, NULL, NULL),
(525, 31, NULL, NULL),
(526, 29, NULL, NULL),
(526, 31, NULL, NULL),
(527, 29, NULL, NULL),
(527, 31, NULL, NULL),
(528, 29, NULL, NULL),
(528, 31, NULL, NULL),
(529, 29, NULL, NULL),
(529, 31, NULL, NULL),
(530, 29, NULL, NULL),
(530, 31, NULL, NULL),
(531, 29, NULL, NULL),
(531, 31, NULL, NULL),
(532, 29, NULL, NULL),
(532, 31, NULL, NULL),
(533, 29, NULL, NULL),
(534, 29, NULL, NULL),
(534, 31, NULL, NULL),
(535, 29, NULL, NULL),
(535, 31, NULL, NULL),
(536, 31, NULL, NULL),
(537, 29, NULL, NULL),
(537, 31, NULL, NULL),
(538, 29, NULL, NULL),
(538, 31, NULL, NULL),
(539, 29, NULL, NULL),
(539, 31, NULL, NULL),
(540, 29, NULL, NULL),
(540, 31, NULL, NULL),
(541, 29, NULL, NULL),
(541, 31, NULL, NULL),
(542, 29, NULL, NULL),
(542, 31, NULL, NULL),
(543, 29, NULL, NULL),
(543, 31, NULL, NULL),
(544, 29, NULL, NULL),
(544, 31, NULL, NULL),
(545, 29, NULL, NULL),
(545, 31, NULL, NULL),
(546, 29, NULL, NULL),
(546, 31, NULL, NULL),
(547, 29, NULL, NULL),
(547, 31, NULL, NULL),
(548, 29, NULL, NULL),
(548, 31, NULL, NULL),
(549, 29, NULL, NULL),
(549, 31, NULL, NULL),
(550, 29, NULL, NULL),
(550, 31, NULL, NULL),
(551, 31, NULL, NULL),
(552, 29, NULL, NULL),
(553, 31, NULL, NULL),
(554, 29, NULL, NULL),
(555, 29, NULL, NULL),
(556, 31, NULL, NULL),
(557, 29, NULL, NULL),
(558, 31, NULL, NULL),
(559, 29, NULL, NULL),
(560, 29, NULL, NULL),
(561, 29, NULL, NULL),
(561, 31, NULL, NULL),
(562, 29, NULL, NULL),
(562, 31, NULL, NULL),
(563, 31, NULL, NULL),
(564, 29, NULL, NULL),
(564, 31, NULL, NULL),
(565, 29, NULL, NULL),
(565, 31, NULL, NULL),
(566, 29, NULL, NULL),
(566, 31, NULL, NULL),
(567, 29, NULL, NULL),
(568, 29, NULL, NULL),
(569, 31, NULL, NULL),
(570, 29, NULL, NULL),
(571, 29, NULL, NULL),
(571, 31, NULL, NULL),
(572, 31, NULL, NULL),
(573, 29, NULL, NULL),
(574, 31, NULL, NULL),
(575, 29, NULL, NULL);

-- --------------------------------------------------------

--
-- Table structure for table `types`
--

CREATE TABLE `types` (
  `id` int(10) UNSIGNED NOT NULL,
  `name` varchar(30) COLLATE utf8mb4_unicode_ci NOT NULL,
  `created_at` timestamp NULL DEFAULT NULL,
  `updated_at` timestamp NULL DEFAULT NULL
) ENGINE=InnoDB DEFAULT CHARSET=utf8mb4 COLLATE=utf8mb4_unicode_ci;

--
-- Dumping data for table `types`
--

INSERT INTO `types` (`id`, `name`, `created_at`, `updated_at`) VALUES
(26, 'REMAX', '2017-11-15 15:45:28', '2017-11-15 15:45:28'),
(27, 'LDNIO', '2017-11-15 15:45:31', '2017-11-15 15:45:31'),
(28, 'PLATINA', '2017-11-15 15:45:34', '2017-11-15 15:45:34'),
(29, 'KAVARO', '2017-11-15 15:45:38', '2017-11-15 15:45:38'),
(30, 'MERCURY', '2017-11-15 15:45:41', '2017-11-15 15:45:41'),
(31, 'MOTOMO', '2017-11-15 15:45:44', '2017-11-15 15:45:44'),
(32, 'NILLKIN', '2017-11-15 15:45:47', '2017-11-15 15:45:47'),
(33, 'PURO', '2017-11-15 15:45:51', '2017-11-15 15:45:51'),
(34, 'SPIGEN', '2017-11-15 15:45:54', '2017-11-15 15:45:54'),
(35, 'TERACELL', '2017-11-15 15:45:56', '2017-11-15 15:45:56'),
(36, 'GLITZ', '2017-11-15 15:46:02', '2017-11-15 15:46:02'),
(37, 'MERCURY CANVAS', '2017-11-15 15:46:07', '2017-11-15 15:46:07');

-- --------------------------------------------------------

--
-- Table structure for table `users`
--

CREATE TABLE `users` (
  `id` int(10) UNSIGNED NOT NULL,
  `created_at` timestamp NULL DEFAULT NULL,
  `updated_at` timestamp NULL DEFAULT NULL,
  `firstName` varchar(30) COLLATE utf8mb4_unicode_ci NOT NULL,
  `lastName` varchar(30) COLLATE utf8mb4_unicode_ci NOT NULL,
  `email` varchar(60) COLLATE utf8mb4_unicode_ci NOT NULL,
  `phone` varchar(25) COLLATE utf8mb4_unicode_ci NOT NULL,
  `address` varchar(100) COLLATE utf8mb4_unicode_ci NOT NULL,
  `city` varchar(50) COLLATE utf8mb4_unicode_ci NOT NULL,
  `postNumber` varchar(5) COLLATE utf8mb4_unicode_ci NOT NULL,
  `token` varchar(10) COLLATE utf8mb4_unicode_ci NOT NULL
) ENGINE=InnoDB DEFAULT CHARSET=utf8mb4 COLLATE=utf8mb4_unicode_ci;

--
-- Indexes for dumped tables
--

--
-- Indexes for table `admins`
--
ALTER TABLE `admins`
  ADD PRIMARY KEY (`id`);

--
-- Indexes for table `brands`
--
ALTER TABLE `brands`
  ADD PRIMARY KEY (`id`);

--
-- Indexes for table `categories`
--
ALTER TABLE `categories`
  ADD PRIMARY KEY (`id`),
  ADD UNIQUE KEY `categories_name_unique` (`name`);

--
-- Indexes for table `category_brand`
--
ALTER TABLE `category_brand`
  ADD PRIMARY KEY (`category_id`,`brand_id`),
  ADD KEY `category_brand_brand_id_foreign` (`brand_id`);

--
-- Indexes for table `colors`
--
ALTER TABLE `colors`
  ADD PRIMARY KEY (`id`),
  ADD UNIQUE KEY `colors_hex_unique` (`hex`);

--
-- Indexes for table `custom_cases`
--
ALTER TABLE `custom_cases`
  ADD PRIMARY KEY (`id`),
  ADD KEY `custom_cases_order_status_id_foreign` (`order_status_id`),
  ADD KEY `custom_cases_user_id_foreign` (`user_id`),
  ADD KEY `custom_cases_picture_id_foreign` (`picture_id`);

--
-- Indexes for table `delivery_prices`
--
ALTER TABLE `delivery_prices`
  ADD PRIMARY KEY (`id`);

--
-- Indexes for table `migrations`
--
ALTER TABLE `migrations`
  ADD PRIMARY KEY (`id`);

--
-- Indexes for table `orders`
--
ALTER TABLE `orders`
  ADD PRIMARY KEY (`id`),
  ADD KEY `orders_user_id_foreign` (`user_id`),
  ADD KEY `orders_status_id_foreign` (`status_id`);

--
-- Indexes for table `order_product`
--
ALTER TABLE `order_product`
  ADD PRIMARY KEY (`order_id`,`product_id`),
  ADD KEY `order_product_product_id_foreign` (`product_id`);

--
-- Indexes for table `order_statuses`
--
ALTER TABLE `order_statuses`
  ADD PRIMARY KEY (`id`),
  ADD UNIQUE KEY `order_statuses_name_unique` (`name`);

--
-- Indexes for table `pictures`
--
ALTER TABLE `pictures`
  ADD PRIMARY KEY (`id`);

--
-- Indexes for table `prices`
--
ALTER TABLE `prices`
  ADD PRIMARY KEY (`id`),
  ADD KEY `prices_product_id_foreign` (`product_id`);

--
-- Indexes for table `products`
--
ALTER TABLE `products`
  ADD PRIMARY KEY (`id`),
  ADD KEY `products_brand_id_foreign` (`brand_id`),
  ADD KEY `products_picture_id_foreign` (`picture_id`),
  ADD KEY `products_type_id_foreign` (`type_id`);

--
-- Indexes for table `product_color`
--
ALTER TABLE `product_color`
  ADD PRIMARY KEY (`product_id`,`color_id`),
  ADD KEY `product_color_color_id_foreign` (`color_id`);

--
-- Indexes for table `types`
--
ALTER TABLE `types`
  ADD PRIMARY KEY (`id`);

--
-- Indexes for table `users`
--
ALTER TABLE `users`
  ADD PRIMARY KEY (`id`);

--
-- AUTO_INCREMENT for dumped tables
--

--
-- AUTO_INCREMENT for table `admins`
--
ALTER TABLE `admins`
  MODIFY `id` int(10) UNSIGNED NOT NULL AUTO_INCREMENT;
--
-- AUTO_INCREMENT for table `brands`
--
ALTER TABLE `brands`
  MODIFY `id` int(10) UNSIGNED NOT NULL AUTO_INCREMENT, AUTO_INCREMENT=63;
--
-- AUTO_INCREMENT for table `categories`
--
ALTER TABLE `categories`
  MODIFY `id` int(10) UNSIGNED NOT NULL AUTO_INCREMENT, AUTO_INCREMENT=25;
--
-- AUTO_INCREMENT for table `colors`
--
ALTER TABLE `colors`
  MODIFY `id` int(10) UNSIGNED NOT NULL AUTO_INCREMENT, AUTO_INCREMENT=33;
--
-- AUTO_INCREMENT for table `custom_cases`
--
ALTER TABLE `custom_cases`
  MODIFY `id` int(10) UNSIGNED NOT NULL AUTO_INCREMENT;
--
-- AUTO_INCREMENT for table `orders`
--
ALTER TABLE `orders`
  MODIFY `id` int(10) UNSIGNED NOT NULL AUTO_INCREMENT;
--
-- AUTO_INCREMENT for table `pictures`
--
ALTER TABLE `pictures`
  MODIFY `id` int(10) UNSIGNED NOT NULL AUTO_INCREMENT, AUTO_INCREMENT=663;
--
-- AUTO_INCREMENT for table `prices`
--
ALTER TABLE `prices`
  MODIFY `id` int(10) UNSIGNED NOT NULL AUTO_INCREMENT, AUTO_INCREMENT=739;
--
-- AUTO_INCREMENT for table `products`
--
ALTER TABLE `products`
  MODIFY `id` int(10) UNSIGNED NOT NULL AUTO_INCREMENT, AUTO_INCREMENT=644;
--
-- AUTO_INCREMENT for table `types`
--
ALTER TABLE `types`
  MODIFY `id` int(10) UNSIGNED NOT NULL AUTO_INCREMENT, AUTO_INCREMENT=38;COMMIT;

/*!40101 SET CHARACTER_SET_CLIENT=@OLD_CHARACTER_SET_CLIENT */;
/*!40101 SET CHARACTER_SET_RESULTS=@OLD_CHARACTER_SET_RESULTS */;
/*!40101 SET COLLATION_CONNECTION=@OLD_COLLATION_CONNECTION */;
